state,district,soil type,crop,n,p,k,temperature,humidity,rainfall,recommendation,accuracy,yield
Andhra Pradesh,Nellore,Sandy Soil,Wheat,107.31528969232018,39.78451963416218,25.539140115128596,17.030051806883844,51.303431682530245,781.1118394441179,Wheat,87.04511689777692,3369.177416230799
Andhra Pradesh,Guntur,Sandy Soil,Millet,37.918397201307656,44.43681289482355,55.125271502356085,30.580646564831632,63.24998725303102,577.4800771449293,Millet,88.93750077141046,1142.925080802493
Gujarat,Ahmedabad,Clay Soil,Groundnut,32.90290021015159,49.7243302012041,79.08313536128426,25.546528802183737,68.83209149628031,820.33481090028,Groundnut,91.80717314328403,1506.2626126590326
Kerala,Thrissur,Black Soil,Cotton,73.07187800230156,56.49109920358282,43.13811282138276,30.020743619056688,64.8954317213572,791.3968722346563,Cotton,87.57313918385701,1991.8430875562349
Karnataka,Mysuru,Red Soil,Groundnut,61.797905681450914,45.47677147656184,76.76403604675694,24.913893388611992,64.62643197316983,734.0737758403794,Groundnut,92.27360660331306,1796.674690994618
Karnataka,Mysuru,Black Soil,Wheat,98.17020177182039,49.37546049199343,42.59547048200075,16.52639994903889,50.68815489424044,454.995217986122,Wheat,93.17276230992978,3929.9915661421214
Karnataka,Tumkur,Sandy Soil,Rice,88.37175567525841,21.705304670190134,69.09301100609477,21.023055099221992,83.91792106077548,1397.5749637431438,Rice,89.50633329471424,4409.7751885059815
Maharashtra,Nagpur,Red Soil,Millet,41.110231638272,39.84205323071963,40.35799295806677,27.1018418609682,57.057297024288516,518.6297301131424,Millet,86.61057316190214,1242.7793993446292
Tamil Nadu,Salem,Black Soil,Cotton,63.908772353165304,40.84660964500028,47.37163548095751,34.383829167303645,64.15260226623346,909.1608634626871,Cotton,87.78503489179468,1719.7301805120937
Karnataka,Mysuru,Red Soil,Millet,81.23646236620692,29.994590945683413,34.852675142378246,28.310350051831158,58.358911879033954,434.7173894056102,Millet,86.19023491527493,1602.5586852776983
Maharashtra,Nagpur,Alluvial Soil,Sugarcane,94.74130542553038,52.55255869105414,55.29273106963332,30.264733613449316,78.82611310764354,1338.3473306073356,Sugarcane,91.55993831769923,5930.095195721839
Karnataka,Mysuru,Sandy Soil,Groundnut,39.65070706558754,51.84868098384993,82.93811823531802,24.02025711932162,80.3739050840667,740.7457877418971,Groundnut,89.80910586971497,2337.444010121986
Gujarat,Ahmedabad,Sandy Soil,Groundnut,51.69217633631962,58.58115964524662,49.42619321231305,23.964261355087835,70.36274810447821,876.2765140517103,Groundnut,88.18729617674325,1516.6205166490417
Karnataka,Bengaluru,Alluvial Soil,Millet,62.84847253386734,27.08424972268847,49.79065504431847,33.43054900152093,46.52889839414543,456.0669700946397,Millet,89.07184064952581,1563.0206013132035
Karnataka,Bengaluru,Alluvial Soil,Rice,102.01578614357565,38.65191696615111,60.556785917146215,22.679052673176198,79.50149791571634,1133.246703944832,Rice,85.45033777816714,3975.416747752698
Kerala,Palakkad,Alluvial Soil,Rice,86.57524097901234,40.96925570626745,38.57639270247376,26.366324417540742,79.438350883391,1101.4391163145003,Rice,87.06114481996785,3918.532473550782
Andhra Pradesh,Guntur,Black Soil,Cotton,67.83380138317798,53.934748650527965,53.507926655318315,27.874477714256727,52.98986244024937,740.5543442885547,Cotton,88.97059894228047,1688.4478586814137
Andhra Pradesh,Nellore,Clay Soil,Sugarcane,86.10702357231766,61.23828822786225,35.78958336346252,29.213592461611203,78.33487886255412,1277.6347508417653,Sugarcane,86.89094213889811,5848.209802961271
Andhra Pradesh,Guntur,Red Soil,Millet,51.24696778971566,34.07268629265304,52.312188028160435,30.345221271921844,59.72786551073851,318.9995622239443,Millet,90.36994475440548,1766.170192746444
Gujarat,Vadodara,Sandy Soil,Cotton,79.76253778130575,50.85537421004923,41.98297235837866,26.062650907948147,61.01886568886731,828.4962705006017,Cotton,91.20268532852319,2337.381764924056
Karnataka,Mysuru,Black Soil,Cotton,82.21989880670421,48.692013371693534,48.773577479736275,34.42155138355245,61.97030011970054,781.0762602535501,Cotton,95.39285801491303,1622.2544918955123
Gujarat,Surat,Alluvial Soil,Sugarcane,105.68105330795662,49.83269976479286,42.048380081655914,32.584294246061376,78.99921659336974,1180.7866333578445,Sugarcane,98.15508386795806,4941.914004179959
Tamil Nadu,Madurai,Clay Soil,Sugarcane,113.89120803048219,54.135101123806564,41.10411459592244,27.777634789957144,84.40746809420267,1163.2365851976567,Sugarcane,85.20806005915946,5407.972159452571
Maharashtra,Pune,Clay Soil,Cotton,79.72848575651776,62.48862781736814,40.30929163273965,26.278637038160216,49.31087342661976,882.9813462931241,Cotton,87.98344771125547,1574.6857658929785
Gujarat,Ahmedabad,Red Soil,Rice,78.36056717063995,36.42327953641101,40.29388136982622,22.28882877247762,79.39443838417068,962.0650050889202,Rice,86.03986196016223,3093.6913036298415
Gujarat,Vadodara,Red Soil,Rice,100.98911613042658,31.70510100315803,72.19146041387049,22.314255195676157,81.39111096613874,1022.8203670465556,Rice,85.84982908073901,3007.8480112934
Tamil Nadu,Madurai,Red Soil,Sugarcane,82.58419366054136,44.7830046718571,34.48280833169154,30.937594310217868,87.24187680856402,1363.597675713494,Sugarcane,89.20498328329855,5834.25671675727
Maharashtra,Pune,Black Soil,Cotton,73.4861552351899,52.06518275396844,29.564562033758214,23.848544555676924,56.308486883131486,590.0838863847649,Cotton,85.37782535219347,2220.691901304047
Karnataka,Tumkur,Sandy Soil,Cotton,71.17027828916915,47.37820167973926,47.40968154848673,29.217822618977785,58.181075182740805,923.2665258505906,Cotton,98.5953719322105,1598.1584025671445
Karnataka,Tumkur,Alluvial Soil,Cotton,87.84204878836302,43.76816376125861,30.41914616379751,28.61123823414982,52.914934137447105,643.1729878723429,Cotton,87.21903229268652,1887.5563841511282
Karnataka,Tumkur,Black Soil,Cotton,66.73525321181273,56.147892992481495,48.335750669279975,29.964610434813473,61.2091542395702,633.0981958312844,Cotton,94.79415151214796,2328.5041886183944
Gujarat,Surat,Red Soil,Millet,60.8505382260344,38.22055034487032,30.361341957891458,24.298523612945573,54.63659837230091,496.4575300892862,Millet,88.38390239210506,1710.4598273505871
Andhra Pradesh,Ongole,Clay Soil,Sugarcane,96.76628306242664,54.1780660163159,25.568635092471517,32.4688230426231,85.24474305798037,1318.518611723931,Sugarcane,93.63112410774107,5288.979799177483
Maharashtra,Pune,Sandy Soil,Sugarcane,95.46346180993692,55.16254964656608,53.825294798190995,30.178480051045845,70.28696375373892,1426.8547705049407,Sugarcane,98.92342142651778,4959.294559940058
Maharashtra,Pune,Black Soil,Cotton,81.2853670124467,58.3883580983006,31.057752013093747,25.386629177691482,55.17269182535685,783.6908136708142,Cotton,85.35735635342932,1652.7025477805873
Kerala,Thrissur,Sandy Soil,Cotton,62.01388396513452,49.86470641918177,39.76003061190468,27.711825271398602,62.82701605918409,955.6018766478742,Cotton,88.0169922864455,1587.2337886880252
Andhra Pradesh,Nellore,Black Soil,Cotton,90.34597231322579,55.740667240211444,39.99337204601093,24.958217931539345,60.54301554343347,747.3265743745587,Cotton,88.89684275440538,2382.0229650422225
Kerala,Thrissur,Sandy Soil,Groundnut,32.35677730652489,42.05898886019143,59.365811335639506,23.566955844488977,60.888810121242734,778.656744063753,Groundnut,94.3168108217495,1978.9144024766633
Gujarat,Surat,Clay Soil,Rice,81.45786460873471,29.653906196093786,31.364195612304805,21.37292951048135,84.58987276763827,1241.2752664954041,Rice,88.4629083283087,4241.056113611082
Andhra Pradesh,Nellore,Alluvial Soil,Sugarcane,114.8458204349404,61.18228888030115,58.131053689135996,29.390229252364346,84.50206111035052,1281.599088716954,Sugarcane,95.27730069680402,5614.848379918674
Gujarat,Vadodara,Sandy Soil,Maize,89.97248939944583,47.68018900144255,51.983263617390186,21.232665657272353,57.30882649201147,582.1331901858462,Maize,92.32895182344664,2610.284818927949
Karnataka,Tumkur,Alluvial Soil,Rice,115.2647884554147,25.308355768437664,77.93207275698698,19.73570240783469,90.89221443299348,1258.804721420617,Rice,88.92554372795156,3046.0250064819966
Kerala,Thrissur,Alluvial Soil,Wheat,105.71850528037041,39.7212704606837,61.36583397881475,23.553360538697355,56.27804658968772,593.256318104847,Wheat,97.37789871031532,3785.0275243526585
Gujarat,Ahmedabad,Black Soil,Cotton,69.19132606583688,53.83092742612678,57.815604166521865,31.3316978294391,57.17981504899723,906.6330389415211,Cotton,89.8027463530753,1915.1421783202868
Karnataka,Tumkur,Red Soil,Millet,69.4909749943539,32.049235643203254,51.7031325400863,27.963347630941218,63.08450918521818,450.2404176863026,Millet,98.6191209186977,1197.4924678247019
Gujarat,Surat,Black Soil,Cotton,81.92357258787969,68.48824179323559,34.64912674376197,34.35033151973835,61.06796210417428,709.5659541890075,Cotton,91.90874763323433,1772.563541663869
Andhra Pradesh,Ongole,Black Soil,Cotton,74.76563039742746,66.41062306431708,55.760795455030554,28.93899413297458,56.048901620662015,718.1858640751279,Cotton,85.37262752571311,1977.7830629141952
Karnataka,Mysuru,Clay Soil,Groundnut,35.955051989028476,65.82391572408315,78.39902173458219,29.20563984358084,67.24417309256714,720.228330260384,Groundnut,89.07800194696085,2410.30479728925
Tamil Nadu,Erode,Red Soil,Groundnut,42.17982427569831,57.09960119318882,51.92308364304417,23.607339421828552,68.80538130257301,675.9807633557315,Groundnut,85.80086952853651,2163.03975951265
Maharashtra,Nashik,Alluvial Soil,Rice,74.49360682418559,44.93929869163294,52.47223516610935,25.33777649672364,87.2044340429462,1250.0562097829995,Rice,94.83740102040329,4441.832540358193
Tamil Nadu,Madurai,Black Soil,Sugarcane,75.29868068536622,56.4630492989825,59.904718086817084,28.46497337122736,79.91291326585026,1359.8968432602678,Sugarcane,91.42067451537122,4624.676252726863
Maharashtra,Nagpur,Sandy Soil,Wheat,112.84206764747736,40.99844908893022,44.5910952228593,22.6619448132997,51.68496824097143,494.737141139339,Wheat,97.70809299678399,2589.566839265582
Andhra Pradesh,Guntur,Black Soil,Cotton,63.18600750507068,56.21959792502081,62.193840789280536,26.976481170213436,59.06611849494332,873.0907418680476,Cotton,86.633372174684,2140.897201606572
Maharashtra,Nagpur,Alluvial Soil,Rice,105.3964954934568,29.70042476176296,46.45293367396306,23.860792036280827,84.14974202920098,871.4301940291002,Rice,90.10711650092352,3244.4383969069017
Gujarat,Surat,Black Soil,Wheat,96.77897992537018,44.53177801900573,28.098967706169574,17.482972323369875,51.22237186697575,604.9884122027239,Wheat,86.66702290038111,2540.7836569340193
Gujarat,Surat,Alluvial Soil,Rice,89.11463582291337,37.73411325233312,44.48038417662674,27.214350237531185,89.7607132501162,978.0020601044782,Rice,92.2898969446044,4231.892712143737
Kerala,Thrissur,Black Soil,Maize,70.90860519477107,54.09717416102527,93.72199774283489,23.656556332331967,65.20474338963032,717.5203740307924,Maize,85.74568214823317,3173.6310632246036
Karnataka,Mysuru,Sandy Soil,Wheat,107.13018223514912,45.079244174773585,61.5453745341699,26.215494243198044,50.716588221564166,703.3092534551477,Wheat,90.30594369822481,3055.9320887524746
Maharashtra,Pune,Alluvial Soil,Maize,83.00230393240349,50.35387328960427,84.71934321971985,25.368085286222623,66.0045031169303,729.2300462202054,Maize,89.25538348111724,2565.584965496271
Tamil Nadu,Madurai,Black Soil,Cotton,65.37284699623048,51.478696652982485,50.66575422986006,26.859257070392953,69.11598633636164,821.155295552745,Cotton,90.99974536556896,2425.3435645901473
Karnataka,Mysuru,Red Soil,Rice,64.17117078750314,27.473718445121378,66.76923191238187,22.3600312245665,82.34357215467583,1171.5742723306232,Rice,86.18768001417328,4121.527729896302
Kerala,Palakkad,Black Soil,Rice,63.1725734087754,26.97347512537876,76.18885635118461,24.88731283577743,78.43250326248406,1248.2620635231801,Rice,97.93701927915453,3737.363703733839
Gujarat,Vadodara,Alluvial Soil,Rice,101.32429778361518,25.79424177729391,49.06622339033374,24.168152716188004,86.34746172556981,1194.092319653046,Rice,97.43605456831325,3426.1389081627094
Maharashtra,Nagpur,Clay Soil,Groundnut,26.372198864384266,49.616825906458715,82.06583983864545,26.405695357839626,72.82373519361215,791.3158798022175,Groundnut,92.13604751785472,1775.6363432714863
Maharashtra,Pune,Clay Soil,Rice,106.10677031586386,29.306175858314056,62.03270727276479,24.61620728529914,79.11044243223847,1302.0274850212859,Rice,89.88613719090945,3372.2844192362745
Maharashtra,Pune,Red Soil,Maize,83.76817699726766,53.47340499842153,62.03295571696469,26.31320173585651,61.95407742164264,734.0910120415577,Maize,87.73876342483457,3492.3257285082036
Kerala,Palakkad,Sandy Soil,Groundnut,56.157312610302455,60.34030783759606,88.1463286968692,27.218907455533834,59.51016199748615,866.6204375237392,Groundnut,88.93219537744335,2213.8834222872165
Tamil Nadu,Salem,Black Soil,Cotton,83.66198390199409,52.95763894784752,29.716514572243675,31.208810506244525,61.562401518853136,944.8300399160573,Cotton,91.68333458536978,2025.1087892889554
Karnataka,Bengaluru,Clay Soil,Cotton,65.17366934033367,43.044395734945,58.13229520276481,28.054647153772308,57.281906956707026,838.6973511988772,Cotton,86.73348118728984,1545.0008171724191
Tamil Nadu,Madurai,Black Soil,Cotton,80.70403419366988,44.83470698794022,47.902491384344316,24.306302924549087,63.84420825950372,769.5838652694758,Cotton,91.72351997208928,1805.7458744227617
Karnataka,Mysuru,Clay Soil,Cotton,65.66378147125658,57.987558030767154,41.9303855552168,33.67611846654749,52.12382835082546,993.1916711983147,Cotton,95.9963509943215,1724.667025165202
Gujarat,Ahmedabad,Alluvial Soil,Rice,64.22406403340746,31.559961429633134,46.755277541890386,23.484590965657702,68.07331462978891,1284.235028505489,Rice,90.53329627604218,4021.7704665596675
Andhra Pradesh,Nellore,Red Soil,Wheat,112.73548656540234,48.782372666959574,23.940920452594895,18.40679211337254,47.47870031284733,833.0388086082537,Wheat,97.76353165882942,2689.990541439539
Maharashtra,Nagpur,Red Soil,Groundnut,35.883500548990405,48.433025238490806,88.62702724965612,23.52015836831184,68.22810013642099,746.8352855297744,Groundnut,96.04786711017232,1767.4854488695871
Karnataka,Tumkur,Red Soil,Groundnut,58.208272266592616,53.644915755720675,54.69030265077548,28.42726189272182,74.6045033502972,752.0979158682952,Groundnut,97.89998318351468,1944.3476774586227
Karnataka,Mysuru,Black Soil,Cotton,86.73206712249811,47.04560504682861,49.54028617063874,28.51638486569331,57.49063766886211,775.4346160543845,Cotton,86.0877882510885,2253.033323877231
Karnataka,Bengaluru,Alluvial Soil,Rice,87.61851822661927,29.79898591980769,40.44878808415048,26.482413274621436,76.84656460753816,1300.5832494769293,Rice,98.55446261216925,4407.923354913746
Tamil Nadu,Salem,Black Soil,Groundnut,30.24803535934493,55.772312373244624,65.5586640659363,25.31850308820254,78.46309815832419,693.8951772610762,Groundnut,92.1814409231916,2388.480896202894
Gujarat,Ahmedabad,Red Soil,Millet,52.021324816649255,38.34013602128574,32.9117119681337,28.629993214996436,56.36481938983203,372.9034292916975,Millet,96.99658739770209,1164.5641901384681
Gujarat,Vadodara,Clay Soil,Millet,72.75808838102097,33.35504361091077,28.570741071452268,32.3542110352706,54.95190335234335,625.1446300288787,Millet,90.68171982163081,1598.8976955517128
Andhra Pradesh,Guntur,Sandy Soil,Wheat,117.10571250839905,37.92426320783267,66.68512066627639,22.06678775653067,50.39733910976179,821.6344812050331,Wheat,96.01960367457146,2693.2644864886543
Maharashtra,Nashik,Clay Soil,Rice,87.5543230401195,29.798588133578022,59.1692295637817,26.780048960799533,78.50650791006113,1186.412301701736,Rice,85.4759774969617,3279.118429761288
Maharashtra,Nagpur,Red Soil,Millet,48.200807372716596,41.020046902811565,51.82340818711582,28.1182916404582,55.09820117540686,416.0239993791637,Millet,98.56254963278234,1737.5844610009733
Maharashtra,Pune,Alluvial Soil,Rice,88.37692578484221,29.559490541751224,69.03046762010084,26.30409706953281,77.41956556585544,1060.8404260407935,Rice,93.17920758279986,3438.7256847700146
Tamil Nadu,Madurai,Clay Soil,Cotton,64.30613493195347,59.3027034314551,56.44289131149941,29.3585860812695,57.11581572230494,1026.2998649634008,Cotton,86.2268936064413,2223.2074983943153
Tamil Nadu,Salem,Alluvial Soil,Maize,81.43031783915865,58.08692070349986,76.51194669016348,22.55775508082801,72.9331226981186,650.5246215485076,Maize,94.92192930981878,2940.192610219122
Maharashtra,Nashik,Sandy Soil,Maize,104.08936585339475,65.65544049400822,90.36746527409787,25.940895959938892,55.43490536908431,951.9367286844436,Maize,85.26099391944169,2802.1358754337525
Tamil Nadu,Madurai,Alluvial Soil,Rice,82.97392984262562,30.39580899826007,30.295274981779237,25.312866514543636,76.27143246684045,1339.970233765537,Rice,91.63620802556379,3618.578302075908
Andhra Pradesh,Nellore,Red Soil,Maize,90.05020954724205,63.842087627348484,104.61377950677954,24.665770828224915,51.95835634993789,781.7694132935402,Maize,94.44470560603901,2761.793043745371
Tamil Nadu,Erode,Black Soil,Sugarcane,81.10923689083064,57.7733057686456,26.12849272782069,32.43706803831877,85.1134460655952,1165.6957267578537,Sugarcane,88.32016806981534,5499.2630075600355
Kerala,Palakkad,Clay Soil,Cotton,62.34399769056533,52.23919690212642,57.39012971533545,26.20146612158103,65.74546040344114,678.5946378174501,Cotton,94.77068427365451,2015.274746814005
Tamil Nadu,Madurai,Clay Soil,Cotton,67.82497835407672,56.1951091680846,44.33371535435447,30.75890669797436,63.232641339391165,759.176622031624,Cotton,87.57960831797158,2474.695399858607
Kerala,Palakkad,Sandy Soil,Rice,107.01253699715056,28.394567558298277,38.20928604262115,21.66922480402422,80.81107190678807,965.0754684903945,Rice,90.36708999391145,3189.6746647923687
Maharashtra,Pune,Clay Soil,Cotton,70.34964474615008,64.3198887664841,32.34594721643889,29.6914014941629,62.29901482944953,749.3015439527239,Cotton,93.73025201212236,1816.4364781822417
Karnataka,Tumkur,Sandy Soil,Maize,107.26205442886209,59.955472862309804,89.56708791884714,28.462458571443925,60.22254840283816,675.72606354702,Maize,95.62898921371404,3042.1867044157334
Andhra Pradesh,Ongole,Sandy Soil,Sugarcane,77.51875288291698,54.52713071728117,42.04037089963823,32.66664175265643,77.61673966295193,942.1987207212018,Sugarcane,90.38760540233494,5851.340132616667
Tamil Nadu,Madurai,Red Soil,Cotton,70.95422134802145,59.98064851525927,37.125502947461,26.554035119228715,57.79481869519212,727.806059434864,Cotton,97.63462450678658,1965.467631838192
Andhra Pradesh,Ongole,Red Soil,Millet,67.38484448403915,27.282859958855767,56.97484885803515,27.066523797423034,67.85292054657245,515.5415337049828,Millet,97.1306751092956,1337.452672531235
Andhra Pradesh,Nellore,Clay Soil,Rice,106.92995613666767,43.84697459618187,39.73578405308322,24.40430796413526,73.40238564538845,1235.6641247763812,Rice,88.36918671000558,3587.004842093528
Kerala,Thrissur,Black Soil,Rice,92.0104911369576,36.94133599046825,45.51628213125749,21.557645982909712,81.20485876474545,1089.1845803161173,Rice,98.99709338097827,3506.748576408257
Kerala,Palakkad,Black Soil,Cotton,73.40713516278723,49.01644306484194,55.54221625713483,30.17136405946847,62.15480864425805,883.8220763466287,Cotton,90.1258131512122,2332.1871880212034
Kerala,Thrissur,Sandy Soil,Rice,106.72160120341809,37.18021733153617,40.22129070017591,22.54284978581873,84.48668786857925,1272.9530652833814,Rice,89.0057371470273,4108.351430655391
Gujarat,Vadodara,Alluvial Soil,Sugarcane,98.26229952648983,70.11257993349535,46.20021020407024,29.096009148073602,80.47613709981336,887.1801397683925,Sugarcane,94.85017808812427,4989.54995159243
Tamil Nadu,Coimbatore,Sandy Soil,Groundnut,28.477656102774986,53.73746444263283,56.855102403111744,24.665406309071294,62.343831492204075,716.7221483248843,Groundnut,94.39465473984075,2447.5185462225695
Gujarat,Surat,Red Soil,Millet,51.37042855743161,25.6555381413838,30.06373255556109,32.30113914780918,58.281901173998875,596.6073131198041,Millet,92.50942261901703,1138.9092036768361
Kerala,Thrissur,Clay Soil,Sugarcane,106.9479058980932,65.85811280041042,25.170788344121743,26.250257906860348,71.74673365072583,1265.7215499517145,Sugarcane,95.2562246552132,5114.057875164636
Maharashtra,Nagpur,Clay Soil,Maize,93.30120040026405,58.47344568764248,106.31538968130201,25.720591919011056,64.0163622375408,708.7389560797815,Maize,90.74805959332363,2726.987600312484
Tamil Nadu,Salem,Red Soil,Millet,47.38329457454171,45.06584195323511,50.799214628505595,30.24887719538814,67.8767532834598,412.9966498322128,Millet,93.77714191536862,1370.127746077383
Kerala,Thrissur,Sandy Soil,Wheat,97.41504764745848,50.52008249160058,56.05915050953131,18.126743733107507,54.87703955827922,559.744184503624,Wheat,96.64184413013348,3087.7659803463443
Andhra Pradesh,Nellore,Red Soil,Millet,43.09325732093517,38.75960175667025,41.13520723093339,29.389415722458132,56.3566409867885,403.50394876420046,Millet,95.89601506880543,1109.3270325752283
Maharashtra,Nashik,Black Soil,Cotton,59.41791928007577,51.17839100806083,41.11394598010248,32.93348497050756,64.23448387992114,589.6789272057573,Cotton,90.33938163751273,2261.062225016546
Andhra Pradesh,Nellore,Alluvial Soil,Millet,62.678643527337684,41.4755406492867,39.70216202470172,28.435578156440766,51.492650926213756,603.452029333247,Millet,87.56897754044925,1726.5498583513374
Maharashtra,Nagpur,Alluvial Soil,Rice,100.17912037085497,43.23737886872851,64.08139902798526,26.47073988965721,88.20596930389425,1410.0406818697138,Rice,87.0833682129927,3555.6432251463384
Andhra Pradesh,Guntur,Red Soil,Maize,104.39362535958358,43.527135234096576,67.65245793026415,26.727686193830895,65.3047849734371,945.7832549560023,Maize,96.87432222830908,3089.7337804413287
Gujarat,Surat,Sandy Soil,Sugarcane,90.55837486172024,55.87449620755565,38.66767740421117,31.204779689033558,67.46192893558282,1081.669410847247,Sugarcane,92.59833876185802,5319.919682403893
Andhra Pradesh,Guntur,Sandy Soil,Maize,97.31881408350314,41.5616315029013,85.03700716770173,30.011693009380977,66.4526688737043,847.4837226537245,Maize,87.17128372692883,2666.720666724094
Maharashtra,Nashik,Alluvial Soil,Rice,91.30976911272421,33.16916613048878,77.82502565766168,24.90864613718888,78.43250320691077,1043.1009621299488,Rice,89.84018883768863,3144.8906551379896
Tamil Nadu,Madurai,Alluvial Soil,Rice,77.23371222143896,35.21624280326036,46.97751546356435,24.47223136146218,76.52157031781697,1375.1868921376915,Rice,88.6598264558247,4376.012992961709
Tamil Nadu,Madurai,Black Soil,Sugarcane,87.58899722297124,53.6708728201165,48.69507331623704,29.98166024432423,80.65940813941252,849.2972422080217,Sugarcane,85.65939854544024,5360.780141568722
Gujarat,Surat,Clay Soil,Rice,78.39336567737955,38.12279112484999,63.113191401584174,23.921129277642002,87.56588605504531,1099.6656904741267,Rice,93.34224301292888,3213.2765599852596
Karnataka,Mysuru,Black Soil,Cotton,79.58730935005079,65.02412419097612,73.96099115327846,28.745822879482674,49.8680231985682,907.0462905187651,Cotton,85.16122172309343,2236.3884161037968
Karnataka,Tumkur,Black Soil,Millet,47.00079982469007,34.429863909740256,66.87837470884284,26.156586538388666,46.147753797611756,652.6514900902685,Millet,90.50231239803497,1595.5993509112436
Kerala,Kozhikode,Sandy Soil,Maize,88.57075082146238,52.96881367944097,95.53072575480334,28.531293305544914,63.865846001544696,728.9644220082739,Maize,85.5182837696546,3369.9843005115217
Maharashtra,Nashik,Black Soil,Maize,91.58387560551618,51.57738692031214,74.8208312940752,28.832298514201298,58.35363384128104,798.002356877126,Maize,90.00729483913996,3101.5768024566537
Gujarat,Ahmedabad,Black Soil,Cotton,70.85656830246161,45.61161256231247,62.32655779932125,30.462283428858527,50.71487103678902,575.7635793851758,Cotton,90.7392523679634,1822.8488307755306
Tamil Nadu,Madurai,Sandy Soil,Wheat,80.70706756369239,40.109726501455995,45.0659494846351,20.04470290528466,48.72098354065132,659.2122272528204,Wheat,93.08119442331119,2887.6047146090546
Tamil Nadu,Erode,Red Soil,Rice,79.3234609090233,18.105429945425296,46.16979366682044,22.678787634809854,72.14380588125965,927.9934228614793,Rice,91.34119941053554,4059.33433439843
Maharashtra,Nashik,Alluvial Soil,Rice,94.93521149606455,28.06493612613815,45.014486922085965,22.19494040586845,84.00628185613908,1101.9437675850381,Rice,95.12069767586554,3748.151186806947
Kerala,Thrissur,Sandy Soil,Sugarcane,82.07073199154623,55.57080169705886,29.594244555705338,32.14536874327872,71.86342857792202,1132.10728740073,Sugarcane,85.65356630438795,5156.7099921536
Tamil Nadu,Madurai,Red Soil,Sugarcane,90.09343679672247,45.56534407910917,21.433365846598637,32.091395303356634,81.96433320447329,1211.1488452376964,Sugarcane,87.08832139847334,5730.012247302866
Karnataka,Mysuru,Black Soil,Rice,70.5744355822789,32.86667519685627,56.73947210485717,22.92478184823745,82.93857974745467,994.0611012555411,Rice,94.28657265980445,4322.801740240774
Maharashtra,Pune,Clay Soil,Wheat,110.50426725507248,54.045187543108796,61.81521602698615,23.18052636920175,50.78713558909812,667.4057383401018,Wheat,85.34883593619897,2671.225855875849
Kerala,Palakkad,Alluvial Soil,Rice,98.14166065880625,32.748478044553295,69.80009305363124,23.791788766021114,81.48385419206834,1247.167580220295,Rice,91.55580001947568,4475.057123309914
Gujarat,Vadodara,Alluvial Soil,Rice,104.81628089068079,40.44344000051526,75.13276399757149,25.955240422602774,76.76555182805525,1329.2917652971691,Rice,90.89794137025996,4203.021215379813
Gujarat,Vadodara,Red Soil,Maize,113.6982993975841,57.85318220997707,69.387596298314,26.113226668542197,62.105222534724085,982.0156061334511,Maize,92.80934337588633,2775.562250536608
Tamil Nadu,Coimbatore,Black Soil,Sugarcane,79.80100774798348,53.21352123518562,48.28486193468623,31.59465832308679,79.33311868337394,1088.6086463688064,Sugarcane,94.14299155947293,5826.379158629776
Tamil Nadu,Madurai,Clay Soil,Sugarcane,70.64256680980182,55.13228999781435,36.318323838982934,32.63129157052992,81.64567865718202,1545.473903481414,Sugarcane,94.58958068156566,5878.463670161964
Kerala,Palakkad,Red Soil,Cotton,71.74646478612195,50.16421312213334,21.39981602500234,28.65150076507191,67.5174398710845,769.3761682017908,Cotton,89.30658448540576,1803.3868908107668
Kerala,Kozhikode,Red Soil,Cotton,76.57320399403385,61.549339085251844,41.25301918907597,27.449798184128554,72.24694968337663,922.4504821327134,Cotton,87.13594166347423,1599.7233494080187
Maharashtra,Nagpur,Alluvial Soil,Millet,72.34935095390364,42.46731488974304,56.179081595589984,29.28513102126025,57.134544728793884,400.1902505636524,Millet,89.53767059404781,1725.395682892138
Gujarat,Surat,Clay Soil,Maize,86.13881696422128,49.370670726326786,96.07532905410699,24.60852134456369,74.81493451398163,692.3425159602887,Maize,94.55182016909342,3249.355357058502
Andhra Pradesh,Ongole,Red Soil,Sugarcane,112.15365028521211,55.983986104689016,49.30644290828016,28.472205610904652,67.27639503460495,1481.3598924951139,Sugarcane,89.10919544835728,4767.41002885731
Gujarat,Vadodara,Red Soil,Cotton,64.41684546755346,41.07577346455037,35.01703941178212,27.131306901449374,63.389681368950924,1077.2244164430806,Cotton,90.7153450681994,1950.3614656350576
Kerala,Thrissur,Clay Soil,Sugarcane,94.0729297759574,60.85895596016829,20.992412202008822,27.413786694865244,81.32005589105701,1368.4033316393438,Sugarcane,89.2015262144732,5347.758056601211
Tamil Nadu,Coimbatore,Alluvial Soil,Sugarcane,85.08707567336748,51.784057588027366,24.75155894919663,27.542886766307863,74.76738033262221,968.6402196739446,Sugarcane,98.74610803076362,5621.184942583158
Tamil Nadu,Madurai,Black Soil,Cotton,87.11939134015066,61.07273694107984,48.897255128644986,30.437804495345713,66.20284259374728,765.2653126538094,Cotton,88.89045177123498,2459.441276746516
Gujarat,Ahmedabad,Clay Soil,Sugarcane,91.53362917105123,51.841559147095325,23.8093177402975,29.227080483231177,69.76778104636203,1196.44997020874,Sugarcane,85.53439934854921,5266.901908038039
Gujarat,Surat,Clay Soil,Sugarcane,105.23072147673857,53.06617948018602,26.130951349639467,31.76194908588237,72.09104960371678,1177.7165431647065,Sugarcane,88.8638374664594,4819.541133392292
Gujarat,Vadodara,Alluvial Soil,Cotton,55.86872225444662,61.62836107738147,40.10214606274732,30.27484552819181,60.06178419096324,696.1162473991865,Cotton,89.09914301272443,2054.732989885719
Andhra Pradesh,Guntur,Black Soil,Cotton,81.98252732542545,50.20255467013965,28.497550202629704,25.98413327722945,61.93086726655544,764.6991294137936,Cotton,86.89880649569328,1756.1058932433505
Tamil Nadu,Madurai,Sandy Soil,Maize,70.32555432967138,38.31725388513193,67.35444616689527,24.95479945697533,65.58430454669858,766.0249093361247,Maize,87.41721065945814,3099.6273040664646
Karnataka,Tumkur,Alluvial Soil,Rice,103.84255296611795,28.14521272468376,53.39959394223307,24.38758724941453,79.03387435425547,1222.970103931688,Rice,85.2812996430237,4205.14094379714
Maharashtra,Pune,Clay Soil,Sugarcane,106.7665041727409,56.81219349654455,51.97005402983101,28.631601550077875,80.4969165323507,1469.2898329761035,Sugarcane,85.08491370840237,5777.976162121648
Kerala,Kozhikode,Red Soil,Rice,76.06086605101257,31.67115440915359,65.67560794087382,21.24062230918731,91.4789800647307,1126.7410599056766,Rice,87.41589431255173,4080.8749703111716
Tamil Nadu,Salem,Red Soil,Millet,58.52983139453444,24.91028393376235,53.7329989141372,27.75158910445676,55.75584646930321,310.6081044377223,Millet,95.02319634798484,1064.5237087420348
Tamil Nadu,Madurai,Black Soil,Cotton,83.62758198319894,54.50286970878133,49.73733450178129,27.705573199120323,71.82441506195012,687.2914736216105,Cotton,88.43320881696462,1971.512657942278
Maharashtra,Nagpur,Alluvial Soil,Rice,99.67246951594421,29.78053937154181,54.90075121297207,26.937268077424356,82.21973934850311,1329.602479408616,Rice,89.57601063123641,3192.3490330251284
Karnataka,Tumkur,Alluvial Soil,Rice,103.95724435284268,41.30397024775698,41.056578233100915,29.626071298211407,85.19837322525167,1201.325046158464,Rice,95.1085362049473,3453.7356522646082
Tamil Nadu,Erode,Red Soil,Wheat,99.46040539320087,31.504737742405876,53.19883888317681,23.64399088932622,59.95705991382758,708.5735788300301,Wheat,94.9247401306217,2719.0782547875388
Maharashtra,Nashik,Red Soil,Rice,95.42273877605619,40.37765477721858,31.26237444494168,24.625560431899213,79.65056636879942,1085.254959697322,Rice,86.06594649349933,3875.907989309899
Maharashtra,Pune,Sandy Soil,Maize,76.08413457505537,55.979038580983726,103.27223363681611,26.92270316874444,72.46070160315413,726.6238396055273,Maize,91.18738774632968,2503.8320173243746
Tamil Nadu,Madurai,Clay Soil,Millet,35.671332007479,24.85614576574077,39.087697145980556,32.644440298698065,60.43017671126296,630.5143100190264,Millet,96.81259659035908,1588.5031488884858
Maharashtra,Nashik,Red Soil,Maize,93.54962992752468,48.95225076958433,87.89718097313003,25.32912203737923,60.33466138675748,797.7001881986112,Maize,92.53919010481773,2717.678584396596
Andhra Pradesh,Nellore,Alluvial Soil,Rice,108.29734972309194,24.485690352574686,28.86693966709521,22.455711656718037,86.06610604751087,1167.3833946960483,Rice,85.44345615835195,3471.0715186205207
Gujarat,Ahmedabad,Alluvial Soil,Rice,96.20277450379317,35.397288126327965,31.460693285247892,19.638200192238983,75.81877095339489,1430.240053003376,Rice,95.14982275949089,3055.625630891307
Karnataka,Bengaluru,Sandy Soil,Sugarcane,108.97874482916235,51.1362188562048,22.8951352123293,27.747524800735405,66.65667591792106,1523.5276396464517,Sugarcane,85.28802491449298,5304.538745684806
Tamil Nadu,Erode,Red Soil,Groundnut,44.27635230322497,41.77991707411773,94.54014427641584,24.257706762004872,79.46416459811957,745.0173918989083,Groundnut,85.31610120482958,1832.2721138593868
Kerala,Palakkad,Alluvial Soil,Millet,62.45874185830098,35.75206728991867,57.746380310502516,25.198579486053493,60.36789433940743,394.9650149725708,Millet,93.74974743476012,1277.3284292716198
Kerala,Kozhikode,Sandy Soil,Sugarcane,88.38985031435814,48.05224014947294,36.68404113888486,30.293403178070157,80.71161672356303,1219.945856922176,Sugarcane,98.56239929437409,4754.535494021353
Kerala,Thrissur,Alluvial Soil,Groundnut,34.13201544002587,47.004218602635305,87.91516904782836,25.556614803324766,74.15047384064943,568.4370722419565,Groundnut,90.27920818581059,2014.2214434433347
Andhra Pradesh,Nellore,Clay Soil,Sugarcane,76.76533187273438,43.68221381668261,37.72090772001548,28.87067258276967,79.78256299667015,1086.5451227480908,Sugarcane,98.06353504151369,4869.884849719826
Gujarat,Surat,Red Soil,Millet,76.74646947626704,23.34991082878908,42.49172558040346,29.681406891797145,49.778124116493885,527.2493817429369,Millet,86.90044388666973,1785.9855453964242
Gujarat,Vadodara,Alluvial Soil,Rice,105.01986068407406,35.07315438043317,28.134350080647714,23.739592210478925,80.24324578641574,1063.4975652722214,Rice,97.2354571358754,3060.1292830743732
Karnataka,Bengaluru,Alluvial Soil,Rice,83.72163446050637,31.492606880321638,28.790028953607184,25.77708036953347,73.84953036391913,1356.8749058346168,Rice,87.1107771980631,4216.142601634458
Tamil Nadu,Erode,Alluvial Soil,Rice,80.88049905924439,41.02856070337757,49.17474981403477,25.73974173023461,78.63395270906602,1172.7602413263203,Rice,92.3639299425216,3987.5066646048185
Kerala,Kozhikode,Black Soil,Cotton,69.84838426843248,64.47261031782192,50.83575020794327,29.950648277907945,64.69267520567806,854.6911586727422,Cotton,87.42944130875087,2405.8467167967133
Andhra Pradesh,Guntur,Alluvial Soil,Rice,77.01430878999071,34.95001848695598,41.99412174471083,25.183121692231204,92.38109852806004,1074.402916218432,Rice,94.39425526929107,3928.764636344839
Tamil Nadu,Salem,Black Soil,Wheat,99.8427242350212,40.18743152319381,25.46421457820611,16.739623090534444,52.76389986469074,760.7091939215595,Wheat,98.36750474375259,2593.2951871284836
Tamil Nadu,Madurai,Sandy Soil,Groundnut,43.61068588469363,50.47383709936046,72.86542434279048,24.247766858626896,67.70221081550031,678.1352060622244,Groundnut,85.32910224393677,1735.1956249231087
Gujarat,Ahmedabad,Sandy Soil,Sugarcane,97.07506908385355,56.31010892391313,19.714576776966453,29.104746792523677,84.15533404325652,1045.0134604326472,Sugarcane,87.34325389599658,5254.4793709577625
Kerala,Kozhikode,Sandy Soil,Sugarcane,76.77270165134078,48.18023097364431,15.112100149013088,32.022873678486704,74.41596202249133,1064.5615644390325,Sugarcane,90.26002150398915,5917.4130679807195
Tamil Nadu,Coimbatore,Clay Soil,Millet,62.0727230099252,37.54972578062609,52.1840159848536,30.21432536724234,52.87652917011468,567.312786018556,Millet,90.68269385404345,1407.8321986873757
Kerala,Thrissur,Alluvial Soil,Rice,94.24213859982413,32.849901022952395,38.94957675717498,23.112748533876807,83.82973882168636,1236.1796630738038,Rice,87.02365312053239,4295.181823795283
Andhra Pradesh,Guntur,Sandy Soil,Maize,77.66983075352059,38.08311318060123,74.95502819262173,28.093953282841426,73.0380390746287,440.01191379795586,Maize,96.40860975799382,2533.6383140669154
Karnataka,Mysuru,Alluvial Soil,Rice,77.962969244118,26.916812922940856,56.05814000210315,28.843203985372643,80.76816604666662,1192.3740426692016,Rice,89.8535105673709,3705.064361882364
Karnataka,Bengaluru,Red Soil,Maize,94.31910234251997,41.9310492767917,68.89630644956642,27.648481989285578,58.05624345756978,669.469485751284,Maize,91.33279683260602,3413.715828363342
Tamil Nadu,Erode,Clay Soil,Cotton,88.50316720963257,71.56260070090579,34.524100383750195,26.726587405348294,60.86507368208822,1006.136965222736,Cotton,96.83180864972505,2121.6380177955893
Maharashtra,Pune,Sandy Soil,Millet,40.08304825320616,33.063178671145536,42.178075804639136,23.567608770389874,45.151309929633676,435.3334160185027,Millet,95.79713753808937,1158.753812492595
Andhra Pradesh,Ongole,Black Soil,Cotton,68.13675736490542,52.31072089427417,38.43099623988443,24.510190594420752,65.90943899922765,783.9331385627897,Cotton,89.28049263427182,2146.6555887772693
Tamil Nadu,Coimbatore,Black Soil,Cotton,72.41242395734928,52.28233279746396,32.404892227024405,29.48963851029349,69.73766660539783,706.2329616258011,Cotton,98.92569280758751,2296.021302503612
Tamil Nadu,Salem,Sandy Soil,Millet,34.18562973599177,28.735080921743403,61.05962712416961,31.25130287983465,64.69771371973845,730.7202563571267,Millet,86.59961552367083,1724.5704368056151
Karnataka,Mysuru,Sandy Soil,Sugarcane,105.61496031328555,72.64961569997025,43.24185165698076,25.383061601508636,68.40661215144218,1541.9377116439757,Sugarcane,98.8402613504146,5905.12709795245
Maharashtra,Pune,Black Soil,Groundnut,30.056886492685386,51.49861036302735,79.46064042778792,27.302847079783113,67.33930815462976,685.3918940531858,Groundnut,90.44555010031073,1706.686308713125
Karnataka,Bengaluru,Clay Soil,Millet,43.33979604615776,29.00157050909507,65.66642018340897,32.76450899120839,65.28537029416968,355.3567316579979,Millet,90.00206448615923,1226.7684114824983
Karnataka,Bengaluru,Black Soil,Cotton,83.4773601167046,62.28923628560591,73.6128679151442,24.805147155137913,58.2407915903446,747.1855098218189,Cotton,85.5621190227513,2081.601233348945
Kerala,Palakkad,Clay Soil,Rice,82.6589567372955,31.497635270271555,70.76385946699547,28.747778645359766,75.51289467706108,1249.6139966469234,Rice,96.81625457171974,3868.745625993672
Kerala,Palakkad,Clay Soil,Groundnut,52.668062137697646,53.146299185357954,50.47631288150221,25.756971477396682,69.23349899836117,672.7934218732613,Groundnut,97.20985075834672,2220.640618605866
Maharashtra,Nagpur,Sandy Soil,Millet,64.68634403086794,38.158585831765365,51.82634062372243,26.112667032926478,56.83707173020663,579.365260296763,Millet,92.41813455438732,1459.9129628765058
Karnataka,Mysuru,Alluvial Soil,Maize,78.70287957573534,50.250680134644185,78.22737038164433,25.63068762674076,58.748273509360004,556.6068042787902,Maize,92.35304818837405,3081.1843511812176
Gujarat,Ahmedabad,Alluvial Soil,Rice,88.51598837718358,33.780394361478045,33.061531728787784,24.746136978093,85.57240935953996,1168.5256363057244,Rice,88.49413892677754,3964.893832340234
Tamil Nadu,Madurai,Red Soil,Sugarcane,99.91123579546698,51.19015816704849,59.56757530801126,33.466558454929086,81.23602050495649,1139.284576405714,Sugarcane,95.98351318971153,4654.328656657125
Andhra Pradesh,Guntur,Red Soil,Millet,66.36605229030337,27.389686563082527,47.12148715108645,24.382190583841954,62.98852346023415,458.5762119534377,Millet,91.85008284796706,1583.3034414774554
Andhra Pradesh,Nellore,Sandy Soil,Sugarcane,84.39695468817425,58.17623671156348,33.21890531023898,26.955857216506423,75.62565467887593,1360.5373018853095,Sugarcane,85.30281553570688,5333.152532702919
Maharashtra,Pune,Alluvial Soil,Millet,72.34300513819844,32.35006303841598,57.65878448641471,29.80166990814071,48.59446582126958,322.5787238861502,Millet,88.51210308500977,1176.3136096159778
Andhra Pradesh,Ongole,Red Soil,Millet,73.7982732825386,34.618097647871295,28.832307344794053,30.888262313734423,52.982122924090206,485.5843108302534,Millet,91.79630095410386,1423.999213845263
Andhra Pradesh,Nellore,Alluvial Soil,Rice,107.83289610579942,23.454890737215,39.51312849574905,27.332936098280936,89.84131971011801,1154.3037814337963,Rice,87.17889668895769,4173.665181908678
Maharashtra,Nashik,Clay Soil,Sugarcane,82.16797206739577,54.896338324266836,56.90708071992387,29.85949229850492,76.03207308118417,880.7080656571914,Sugarcane,87.3876377305343,5446.359424344945
Kerala,Kozhikode,Red Soil,Sugarcane,101.23986283190101,56.35928453319116,25.88663792504506,28.48436694783402,82.77585366401662,1180.5916621254485,Sugarcane,86.74828733114552,5582.133360578318
Tamil Nadu,Salem,Alluvial Soil,Sugarcane,98.07172439931931,55.7358420120381,25.110394764699464,29.143101669605358,78.99262007952282,1035.9893552839806,Sugarcane,95.7314916416206,5884.153118657283
Maharashtra,Nashik,Clay Soil,Wheat,112.1897986039854,52.4893727342517,62.02622298291476,18.59536349841885,60.75028188781509,572.396099705731,Wheat,86.28119326974839,3963.233849989502
Maharashtra,Pune,Clay Soil,Wheat,104.41736253011166,44.72395930489809,20.75564221480373,23.62128346118738,45.576697763755206,814.6484802735514,Wheat,95.34382550929001,3622.3029166049887
Gujarat,Vadodara,Sandy Soil,Sugarcane,99.39745689822746,55.914122995035626,30.17709923444159,27.89701005741784,77.23181015112863,863.1123095495651,Sugarcane,94.51809077967388,5326.400120445925
Karnataka,Tumkur,Sandy Soil,Cotton,78.344402609026,50.7542338339117,34.24520909266136,32.04505216413147,62.24860966333115,830.0704794758146,Cotton,91.7514859724918,2277.542567577657
Gujarat,Vadodara,Red Soil,Millet,69.49085267075648,31.694794891334197,57.17179949012177,26.1545221793958,59.175171555401036,481.8999651931141,Millet,93.94270473837717,1643.1773951952393
Andhra Pradesh,Nellore,Sandy Soil,Millet,42.69749715227296,29.28715925072486,26.937553657741816,30.491729469902012,53.054915256492265,729.0207158767855,Millet,90.71961709122219,1614.582623060438
Gujarat,Surat,Alluvial Soil,Rice,89.28353696786345,31.61166944754347,63.3707281806889,26.08472499621221,76.37585805690127,1218.0501454017315,Rice,90.04493163759139,3374.4317810655116
Maharashtra,Pune,Alluvial Soil,Sugarcane,96.24122556314562,54.99177847241733,44.37852200811963,31.226371360350452,80.9838646046136,1283.0192936615754,Sugarcane,97.329090737202,5752.561716885437
Maharashtra,Pune,Alluvial Soil,Rice,96.40265509545081,41.46553927586584,39.14796918177695,22.49277164858907,80.18280042830679,1426.5007254187349,Rice,98.29946834908846,3542.832551109859
Tamil Nadu,Erode,Clay Soil,Sugarcane,106.47707161863285,59.583613197369516,39.241326045210016,29.38565200224957,82.07627325897772,1127.5965993318475,Sugarcane,94.93495419972929,5869.961369163458
Gujarat,Vadodara,Clay Soil,Cotton,69.30440925428782,46.51959960054771,74.45263455739975,27.539194902796126,64.31761352260008,832.4227923059419,Cotton,93.55457876925601,1559.973416827835
Gujarat,Ahmedabad,Clay Soil,Wheat,98.27843116918811,49.51159939203933,28.024360489998372,26.712104008133572,41.22228503947971,699.3681189638321,Wheat,92.30446052931968,3948.3381562131194
Karnataka,Tumkur,Red Soil,Millet,50.271689206316026,39.56549900771256,61.65084537325177,27.981438284353437,51.08510282873829,368.2148044125138,Millet,98.98898006979664,1770.9273620381732
Kerala,Palakkad,Clay Soil,Maize,71.3624289926499,54.802677757540366,96.28110203524915,27.964791410367912,56.87512619625538,635.0214396470403,Maize,93.51089170449853,3124.9716050837837
Kerala,Thrissur,Clay Soil,Maize,115.67787503230512,63.93871373513274,56.506965269359014,21.687745264835698,58.740680804784155,666.2266751633538,Maize,98.98781443627767,2935.0584328055247
Tamil Nadu,Madurai,Alluvial Soil,Rice,113.06715150381252,33.5484887773057,55.80601680150834,26.09631702928455,75.52717683087027,1394.3738031490905,Rice,91.31141631042273,3840.221649048114
Karnataka,Mysuru,Sandy Soil,Cotton,90.78833769960937,42.50891822330367,23.512150404193097,33.30861255379955,54.892126127219775,575.6251192032453,Cotton,86.22814674816627,1886.824779373773
Kerala,Thrissur,Red Soil,Sugarcane,104.30758094349187,73.33685958054474,45.68065149528062,26.013735194713718,73.48081957246873,1048.4977115176853,Sugarcane,88.7421830413014,4612.586136441864
Tamil Nadu,Erode,Black Soil,Groundnut,32.550610820207694,37.08282494675779,76.42708651157034,25.65061563327502,69.28855541718788,877.7186490337426,Groundnut,92.1228366243898,1786.1679558599226
Gujarat,Surat,Alluvial Soil,Rice,97.99101836611948,32.87405697995175,65.0414358456912,28.58499682615094,71.46090848021075,1283.47894826617,Rice,98.9174645898437,4141.0567812631425
Andhra Pradesh,Nellore,Clay Soil,Sugarcane,84.88684611708537,47.29906721522789,40.15393526543952,28.468634852901836,78.26777454564883,1407.6052468261216,Sugarcane,91.52259526573656,5100.7836089034645
Maharashtra,Nashik,Alluvial Soil,Rice,89.45890814257017,33.86475408907582,40.045804523496464,20.11358206802286,83.84334918426839,1137.8740412877194,Rice,86.85736165785788,3688.955126575563
Maharashtra,Nagpur,Alluvial Soil,Rice,108.78228433053266,20.068960522730798,28.587626863392018,25.965673578053753,80.75257941231195,1161.841775193704,Rice,85.97194639254928,3849.3338204724423
Kerala,Palakkad,Sandy Soil,Maize,88.0248821982135,54.25098718880419,108.2660544193972,29.770347072216172,52.36183228431377,555.0101495215243,Maize,92.97111626806388,3036.3280211807974
Karnataka,Tumkur,Alluvial Soil,Sugarcane,73.03314529002986,53.6266304403771,29.603043794353454,27.270825085692096,68.86920145332923,1377.1174791943865,Sugarcane,89.07435630543665,5026.460986109448
Maharashtra,Nashik,Red Soil,Millet,65.27237275698936,33.04879252232331,58.38410970631379,32.7443735052311,46.54822293901441,490.5201105752722,Millet,93.27678114383215,1273.617386793464
Gujarat,Surat,Black Soil,Cotton,78.70313127086006,47.43551697552612,59.00353017043966,30.057426601631207,61.05510057548433,796.1065299839876,Cotton,91.35343192719654,2338.3644850532473
Maharashtra,Nagpur,Sandy Soil,Millet,40.454159123041265,37.54114370940016,53.304781192278284,25.762957195197743,55.445145060059446,561.9923474697993,Millet,89.78499294152178,1017.7226333936754
Maharashtra,Nashik,Black Soil,Cotton,82.7543951293226,58.253679140073935,62.17476371917546,28.452156828875403,72.15433915338173,649.4448488311527,Cotton,89.60534339886583,1597.3974895069266
Maharashtra,Pune,Black Soil,Wheat,90.8781661518148,47.83363417113824,39.09014404678993,14.569529752211059,46.586852997048666,441.9921260639658,Wheat,94.38499526068684,3531.7297760500173
Tamil Nadu,Coimbatore,Clay Soil,Millet,52.34112029295353,27.67070515246767,58.80057143015925,25.644962992257938,44.304834643453404,395.71022535743475,Millet,97.42443478057424,1656.9131395296606
Kerala,Palakkad,Alluvial Soil,Rice,96.58102451816615,21.019182214936873,33.281001390171625,21.851186265831846,79.53946254265092,1038.1576554806602,Rice,87.5589532031042,4127.348145149914
Karnataka,Tumkur,Black Soil,Cotton,63.755974033133434,54.91255455661375,55.66449797413276,29.592775963878843,55.25331413280355,750.9730580315259,Cotton,95.6571572407766,2234.0266195484874
Maharashtra,Pune,Clay Soil,Groundnut,46.95504237398265,40.83111762648397,57.39097359526906,24.446601836930835,60.649762321412105,637.5723999318426,Groundnut,87.49574289531117,1786.5905189749174
Tamil Nadu,Coimbatore,Red Soil,Millet,71.17943056878507,31.653010348693833,41.013603576771246,30.582691331636045,50.49147710259541,449.9334185709362,Millet,85.22145758915387,1721.3772862000926
Tamil Nadu,Madurai,Alluvial Soil,Rice,106.77150780450023,37.03374018461489,56.27989182639095,24.292469242035608,81.0127911662565,1352.3932659909794,Rice,98.12452786930093,3611.9668729538225
Maharashtra,Pune,Black Soil,Cotton,74.57159800033142,54.58517946108893,66.89041246249838,28.072379733943947,62.022177489621335,889.9467706487801,Cotton,89.62876081023703,2400.300844498439
Andhra Pradesh,Ongole,Sandy Soil,Sugarcane,92.26666484350872,43.547580024534575,40.622634580670024,30.666816527307574,79.68415456779275,1504.163340389782,Sugarcane,89.12887997120654,5383.743955328004
Maharashtra,Nagpur,Sandy Soil,Millet,55.50987031009838,17.743614670814267,42.46870590813093,30.471247294759344,53.93952908005254,402.0092917943272,Millet,95.82207558106985,1281.0908086608906
Maharashtra,Nagpur,Sandy Soil,Groundnut,49.709948887803165,50.23081550003627,72.68233090276172,29.297494073470414,68.3957886770195,792.1917116677869,Groundnut,98.28795960857934,1921.833416278177
Karnataka,Bengaluru,Alluvial Soil,Rice,79.63977210462775,29.224543895263572,49.28272110572357,25.32965474004685,73.91026721607984,1091.3859857345867,Rice,95.53019049874835,3882.292220209792
Karnataka,Tumkur,Clay Soil,Sugarcane,103.05697680347248,47.01320016871448,40.804841317803266,29.2716891715914,78.74773885238913,1310.6154480450211,Sugarcane,89.62015350511078,4803.478527955905
Andhra Pradesh,Nellore,Sandy Soil,Cotton,83.63153963208643,50.45259545992815,33.86075732399247,24.895309373245674,53.721519327682984,685.1713097143846,Cotton,85.51471343127494,1613.7618695712792
Kerala,Thrissur,Sandy Soil,Cotton,66.04382243592983,52.92392910566221,25.58005164634613,29.85925401758225,57.7141794204134,823.2749013998216,Cotton,98.57261591637047,1898.6629209451191
Maharashtra,Nashik,Sandy Soil,Rice,64.48538057450307,36.0576345838211,69.61106169246875,24.36690647022709,86.78466150424276,1148.5763769417943,Rice,94.59926407949,3908.7458837211707
Andhra Pradesh,Nellore,Clay Soil,Millet,50.71814480763405,30.212916218268358,61.88539228195249,28.862370411033137,52.66044114889145,708.2965126954989,Millet,95.45860070707123,1273.5346688547572
Maharashtra,Nashik,Clay Soil,Maize,106.5128505551678,51.095380947908794,79.39911657719358,27.272482669102825,68.75800658725655,748.6380296491262,Maize,97.271085350004,3015.276203996812
Kerala,Kozhikode,Clay Soil,Rice,104.48465373297232,34.91334357315291,42.56832153558782,28.77026167465963,79.29340501361085,1257.4742171813446,Rice,94.51395008376055,3924.921577103057
Tamil Nadu,Erode,Sandy Soil,Cotton,67.06151997543547,52.18531857665023,49.46128167896888,32.17772591851727,69.14074337442474,582.8511851366533,Cotton,97.84433500168751,2289.264076953687
Tamil Nadu,Salem,Red Soil,Rice,119.03600733634232,33.73392377320951,53.03468938151805,25.131116734707543,75.90037218361745,1287.4649537551982,Rice,96.86992607875014,3651.3749295254884
Kerala,Kozhikode,Sandy Soil,Wheat,102.59125226243876,43.308039087376144,39.05959481186811,21.06878352158671,60.74471993237707,880.973886524302,Wheat,88.23150340397365,3358.448431139319
Tamil Nadu,Coimbatore,Black Soil,Cotton,72.10880743085515,62.86612154629968,55.39386915513154,27.244962973812395,65.51238636478602,826.61941247562,Cotton,98.55084863353277,1665.40033716857
Maharashtra,Nagpur,Sandy Soil,Cotton,74.60343972686631,50.571251574347556,56.91287369344835,30.934114760160696,52.47451654624608,982.0687365474744,Cotton,98.88722101289494,2435.4630305316987
Karnataka,Tumkur,Sandy Soil,Maize,97.18324086485764,51.28071036716565,68.80087935857121,27.72394776977396,69.88580432025195,894.6798188282637,Maize,86.60561028780648,2554.9632999373207
Andhra Pradesh,Ongole,Clay Soil,Sugarcane,107.71331002313826,56.29929854009325,40.57387141585231,27.780584719922516,74.86763547560233,1275.97516329094,Sugarcane,96.22346538090585,4684.762451858902
Gujarat,Surat,Sandy Soil,Sugarcane,79.68272021521781,63.87830428597567,33.919003121592326,26.83933088513958,79.70328478355187,1195.2249218530549,Sugarcane,95.56452442841703,4519.582492838052
Gujarat,Ahmedabad,Sandy Soil,Sugarcane,109.48829034933576,57.36481402489821,50.5000784625014,27.261537490392904,83.59239853794149,1145.0648809213844,Sugarcane,96.09897948615334,5664.372849532384
Tamil Nadu,Erode,Black Soil,Cotton,68.97253208264384,56.30545272468339,53.42082586095007,32.17279164291922,60.28787850181773,806.8224213621684,Cotton,92.51352156141601,2443.417542208263
Kerala,Thrissur,Black Soil,Cotton,71.84977806796586,48.49654030804431,46.61094251688091,26.11180617223124,48.72180300911959,1023.0435547994698,Cotton,93.09048117484542,2185.9982444022785
Maharashtra,Nagpur,Clay Soil,Millet,53.18764617652481,21.871708249437933,44.3265182738048,30.214190505936084,63.65567586687408,642.176498899879,Millet,89.02613509567293,1024.1637560858999
Tamil Nadu,Madurai,Clay Soil,Cotton,79.94842379529074,50.49305140632496,43.35007340033886,33.1038055210124,67.57191683692245,829.536579724547,Cotton,85.30593479153913,1865.009888872609
Gujarat,Surat,Sandy Soil,Cotton,57.279627171490866,69.41322822557842,31.905176916024168,24.883791872007297,67.79074515730511,689.4189936140672,Cotton,95.54215460186641,2419.9209086962537
Tamil Nadu,Coimbatore,Clay Soil,Sugarcane,99.53553948046533,73.69746024719187,33.345891835221416,30.82708904628086,65.5302483218417,1243.0712356080992,Sugarcane,98.45777428249038,5927.593786119354
Tamil Nadu,Madurai,Alluvial Soil,Sugarcane,75.18212355792055,53.673796001822915,29.732431219020718,30.601336046618464,72.12567470107005,1014.9335949730597,Sugarcane,87.62533535244387,5310.291501764834
Kerala,Kozhikode,Red Soil,Millet,43.51636852420839,34.113363959128975,73.3999786841924,29.29076734973017,53.36346283886289,411.54469139891376,Millet,91.50887224252594,1277.7923477061904
Tamil Nadu,Coimbatore,Alluvial Soil,Rice,78.14646837593402,35.0805999307289,42.33655804915095,25.643699251483746,75.36238091084091,1099.168802556798,Rice,92.17758038799593,4461.582751015309
Andhra Pradesh,Ongole,Alluvial Soil,Groundnut,25.44665262666065,65.13728916189972,76.98639406146835,26.32409893650811,77.41771124669836,462.2624438784496,Groundnut,91.88813849348821,1776.126885943116
Andhra Pradesh,Guntur,Clay Soil,Groundnut,36.3669875679639,40.531951315869215,62.580544663790654,24.817445407052958,63.736942300469366,900.9351256034165,Groundnut,92.59965119753879,2267.7407866806366
Maharashtra,Nashik,Sandy Soil,Rice,77.79038524514317,16.832845535695675,79.12459641317584,24.496614437980504,79.2629034688602,1310.8740467595537,Rice,89.30737330814318,3019.0439678331068
Karnataka,Bengaluru,Clay Soil,Cotton,63.00459589038452,58.700044109838686,18.80240480207562,31.90217315398938,70.55031318443098,815.8125875284695,Cotton,93.32659031301675,1911.1685918699227
Karnataka,Mysuru,Alluvial Soil,Rice,89.61287151222402,38.586990956525135,40.68994116960051,24.668047414485656,76.73049515809794,1097.1884118866533,Rice,88.05916239139368,3829.4704216976074
Andhra Pradesh,Nellore,Black Soil,Maize,72.03403277303805,44.05467039930459,79.56688820099741,21.68703695077118,69.56576685514094,630.5238011278966,Maize,98.94629018627197,2901.9420916775525
Karnataka,Tumkur,Sandy Soil,Millet,40.17662214735352,40.01249357772473,65.17302807828874,27.46118363729999,49.38650225915146,416.4041122743247,Millet,91.0726395434296,1136.916132966496
Andhra Pradesh,Ongole,Alluvial Soil,Groundnut,32.66361126052168,41.652860068114116,52.64340646511301,23.333345077060876,73.97263921074808,708.3719481454156,Groundnut,98.32290313744194,1735.8907997183553
Gujarat,Ahmedabad,Red Soil,Millet,58.296074142785386,28.804142202186597,71.1255578167126,27.473121300209748,48.8346819258202,352.49491719626076,Millet,87.53469116484601,1047.0906666554533
Tamil Nadu,Salem,Red Soil,Sugarcane,104.82149264594503,65.82710156622736,53.68760727511193,29.67795914702583,81.97297127902303,1538.6681375637295,Sugarcane,85.02301077098647,5420.18998020639
Gujarat,Vadodara,Clay Soil,Maize,71.19122442551583,53.55391272800121,93.82334698669541,25.448551579556145,66.13565399448655,746.8136444873596,Maize,90.02585163949551,2859.2198944142256
Karnataka,Bengaluru,Red Soil,Sugarcane,76.38445720351835,63.577531514093565,25.02157763455619,28.787767186271644,73.84698577123733,1251.6205217521856,Sugarcane,91.17903455161704,4573.274992453335
Karnataka,Bengaluru,Alluvial Soil,Millet,71.79508451575755,32.02133648135862,37.87859239615889,28.196016470971372,53.33991305379898,330.552559173424,Millet,92.15613776839261,1700.3220641178468
Kerala,Thrissur,Sandy Soil,Sugarcane,101.0303498316645,62.66241457469295,32.75452352430729,32.63306727111157,86.38883088731134,1318.4122523045737,Sugarcane,92.13225268755204,5840.365665672624
Maharashtra,Nagpur,Alluvial Soil,Maize,84.5703944979458,55.85922449524968,59.51846122859624,23.001418732388643,64.88263859719463,645.8640845671215,Maize,96.72685106092077,2645.4986264712165
Kerala,Kozhikode,Black Soil,Cotton,59.68366839346681,66.68717268433201,37.90776355756385,29.649490533060064,68.76356619321741,1015.7325830892476,Cotton,94.3559594275535,2032.190502480568
Maharashtra,Nagpur,Clay Soil,Wheat,108.81915919700478,53.97281734585821,37.17421084741327,20.83481054965364,43.63106716254172,731.3479315431421,Wheat,95.12982481985904,2747.1935368825884
Tamil Nadu,Erode,Black Soil,Cotton,77.4018999811826,49.76596582915381,35.26974324797712,30.277833087967764,58.079540824690795,577.2791529150404,Cotton,94.31567954881233,2485.6603281961657
Tamil Nadu,Coimbatore,Clay Soil,Wheat,106.36567172802674,37.09244378517704,49.41041764064903,14.198298600393223,45.036327150634676,651.028786257142,Wheat,86.99574976959572,2731.4610767117315
Maharashtra,Nagpur,Black Soil,Groundnut,40.14327495114012,54.40717825927278,70.33283074400836,25.92684099519209,64.56518412382013,952.7033449904735,Groundnut,97.15154233699135,1605.1447393557848
Tamil Nadu,Erode,Clay Soil,Sugarcane,94.43842844253811,67.92690025340562,23.769933383717294,32.0095581231309,85.2280238677453,1360.1251554850753,Sugarcane,95.39549215781305,5705.321003256917
Andhra Pradesh,Nellore,Black Soil,Cotton,67.45732777807802,60.462506391107624,30.377220872580473,33.1952013110106,57.944402633549004,693.83166404722,Cotton,85.25924008414208,1852.7001898927447
Karnataka,Mysuru,Sandy Soil,Maize,94.34436180197319,51.540057909298056,114.03452067097342,27.635839176581737,68.59326095447693,762.1353679260158,Maize,86.96621611091,2842.734477614916
Gujarat,Ahmedabad,Clay Soil,Sugarcane,84.42949747673894,45.32126145184654,11.306468547692974,29.577553014746123,88.5885436971329,993.23371377458,Sugarcane,96.90245571574417,5445.867823555533
Andhra Pradesh,Nellore,Red Soil,Wheat,106.53353151490009,34.46350955623154,59.03098096419327,24.57043047295754,56.35980550681831,788.5050279094687,Wheat,96.03506789240818,3281.294599579453
Gujarat,Vadodara,Red Soil,Millet,54.324222854236076,19.74958907017235,59.61861149625915,26.09147639675952,62.559833904405934,348.74013547690186,Millet,87.09450970656484,1761.0159751792291
Tamil Nadu,Salem,Red Soil,Maize,77.94818703063899,46.8399835983562,80.99950467761441,22.414584344143414,59.999916362835094,613.9515579745221,Maize,95.47251266843746,2557.748207079909
Andhra Pradesh,Nellore,Clay Soil,Rice,97.26599232227967,25.369574627483182,45.734286225383045,21.072256308115193,89.98279221138786,1108.5156493565514,Rice,98.74586073222356,4167.367241749839
Andhra Pradesh,Ongole,Sandy Soil,Wheat,113.98948795089613,54.552475863284,47.360637514089184,16.77004605955861,51.63036848321478,703.6894892634746,Wheat,94.28705061117705,3177.2325003318388
Andhra Pradesh,Nellore,Black Soil,Sugarcane,83.07144789859805,66.59766960745475,32.10022051487493,29.508455513003156,71.18454389216747,1367.2224087340333,Sugarcane,85.48919286745814,5673.133934035186
Maharashtra,Nagpur,Red Soil,Millet,48.28802218663739,35.06472825266598,56.765305000828754,32.18586265712504,49.91723692516285,424.2467519070683,Millet,96.10466532578852,1116.4506461386745
Maharashtra,Pune,Black Soil,Millet,53.76141465595466,25.664432527837818,46.25772569081802,23.9756937329087,46.251661565839946,607.1433224448192,Millet,93.1110401979333,1736.008963425474
Maharashtra,Pune,Alluvial Soil,Groundnut,33.65188172652995,56.930480901686906,78.24454737672757,26.769119836248983,67.29456392196715,487.1651072649664,Groundnut,94.20836740086122,2260.9302171714007
Gujarat,Vadodara,Sandy Soil,Groundnut,36.62465016080759,36.706049672382406,65.00214829946198,28.68414456325629,71.4555724851839,625.8826026501541,Groundnut,85.3934544698014,2094.0790555229014
Kerala,Thrissur,Red Soil,Sugarcane,84.53930948128993,40.72956243578189,48.636047689652244,30.397817888913707,77.5119772552245,1508.1287004186654,Sugarcane,95.4556603577545,5932.614908494743
Kerala,Palakkad,Alluvial Soil,Rice,95.05837859817618,27.374359354429345,27.332913216342476,23.219706027120736,87.65641994270595,1180.5445908383006,Rice,93.39619660839999,4098.868594458088
Andhra Pradesh,Ongole,Alluvial Soil,Groundnut,53.64473102481175,37.09281322354105,46.25203941814464,21.764912577464095,60.10831218161614,482.2598068886647,Groundnut,89.95681698368618,1684.2098624873959
Gujarat,Surat,Black Soil,Cotton,81.01968852445273,58.03948975588811,36.50926452909508,27.984979574155908,53.601525029956946,828.3091927343586,Cotton,92.60654202814307,1787.7539364182744
Tamil Nadu,Erode,Sandy Soil,Wheat,112.52181007764275,49.05847587634851,48.33122033705193,25.17110143140153,53.376375483450175,613.9782215539841,Wheat,91.57883369501582,2762.4593114262752
Kerala,Thrissur,Alluvial Soil,Rice,74.12375462405156,30.48985407362516,72.8193177534655,21.43827668749773,83.80284525684456,1123.3816913176076,Rice,86.72241813189069,3495.038426284216
Gujarat,Surat,Sandy Soil,Cotton,94.855445712288,50.84050082268734,51.87104448242279,31.68715880643982,65.36813673287921,727.2966307460837,Cotton,87.47956274305037,2381.615834792949
Karnataka,Bengaluru,Sandy Soil,Sugarcane,71.50353171700512,52.00534276572765,38.210977409193205,30.617518040205546,77.50711262704587,1026.7439990160349,Sugarcane,92.70027199363204,5202.072811198139
Kerala,Palakkad,Clay Soil,Maize,103.41902821786996,51.96878693964891,92.06850137176258,26.91817356178529,58.21857765098832,543.5620065808355,Maize,96.23384786626043,2834.976209445561
Tamil Nadu,Erode,Black Soil,Sugarcane,84.75937964250132,49.25134421815687,23.3956138455211,30.984395043189373,73.53327719725303,1101.4044683686186,Sugarcane,96.97530595920503,4918.351607183132
Andhra Pradesh,Nellore,Red Soil,Wheat,114.52826966322091,34.894338896092606,49.25165918078787,24.377704093191454,49.69587447638,627.3918657323784,Wheat,92.3338682219217,3419.4391965883124
Andhra Pradesh,Ongole,Sandy Soil,Sugarcane,116.26546428902162,58.68440701758965,38.850248687388394,25.244812988046977,76.50265986489899,1401.4953642736673,Sugarcane,96.11173434425733,5691.438389864074
Karnataka,Bengaluru,Black Soil,Maize,86.61026319784237,45.39741289876055,104.43994901507818,25.464871563813116,60.90175013898224,873.7020775957403,Maize,89.9893301708216,3362.9781044318297
Andhra Pradesh,Guntur,Alluvial Soil,Cotton,84.13725532296772,61.25281681898695,55.510230027499915,29.124013208783346,61.5474852647443,613.1500322870943,Cotton,94.3440273848181,2410.7060213186596
Karnataka,Mysuru,Sandy Soil,Sugarcane,98.41849706802472,55.65710825236263,22.952474613808786,29.92112730166801,81.7978637684935,1122.417592590824,Sugarcane,87.5909988827401,4516.197242091531
Karnataka,Bengaluru,Red Soil,Wheat,99.5639996259872,36.197747394384514,30.01022024719547,15.229136036817662,49.9885337648394,785.985315171637,Wheat,94.35134156445504,3172.3612953414563
Kerala,Thrissur,Sandy Soil,Cotton,78.01690299446936,55.59601605576289,39.52753963744764,30.679119675965204,62.35637168305095,973.1523950852777,Cotton,91.31266877732781,1629.4626414459678
Tamil Nadu,Salem,Clay Soil,Sugarcane,105.62910572525706,49.81434250762018,55.54421664809652,28.453651963939244,73.57928080684614,1340.1608955080517,Sugarcane,90.82785378222198,5445.989418526336
Andhra Pradesh,Guntur,Alluvial Soil,Rice,92.65477960912075,23.35176085420391,50.45399275645197,19.808951696203053,79.00109977404696,1288.6928434951342,Rice,96.35005685979618,3596.561675679116
Tamil Nadu,Madurai,Clay Soil,Millet,73.72041752192189,37.622637900633976,59.45779740187294,25.65685659139043,45.382047181208236,624.193837377125,Millet,95.73525368136589,1740.9893890205435
Maharashtra,Nagpur,Clay Soil,Rice,106.49383802966483,27.495559467169087,61.98602593865016,24.021108515423496,69.73892510508794,968.8015433322286,Rice,90.90497635703738,3513.816239390602
Karnataka,Tumkur,Black Soil,Cotton,82.39593766152123,43.76903461278515,34.01196005912686,30.03473080536107,59.16710740949628,1003.4115649990576,Cotton,89.64112198310926,2059.5144866689398
Andhra Pradesh,Guntur,Clay Soil,Groundnut,64.7953453092274,43.47301797718595,55.29076385490274,27.280618036287677,68.71438675479428,699.2454227973045,Groundnut,90.25878454652351,1776.2383395072507
Karnataka,Bengaluru,Sandy Soil,Groundnut,60.177633225394445,39.255946440847005,79.71292233341333,28.861337360052698,71.37712069536956,712.5270033393343,Groundnut,85.51564417431679,1925.3074360782703
Gujarat,Surat,Alluvial Soil,Rice,82.5812210948412,44.62567159973406,75.63217819259617,21.606419814286607,77.92319811951103,919.0560472422369,Rice,91.48593869013044,4139.687274674242
Kerala,Palakkad,Sandy Soil,Maize,79.61051644313042,55.42127658591785,70.15122452242588,26.74360870458841,68.94996664510087,968.1916287276979,Maize,86.02428966076272,2668.576014057945
Tamil Nadu,Coimbatore,Black Soil,Cotton,62.43967712742704,68.96198382874958,50.48921325980669,30.40303212220404,61.16431144072492,539.1386230680047,Cotton,86.30416845403414,2162.4823934933042
Gujarat,Vadodara,Red Soil,Sugarcane,86.5289091526053,54.77221090167981,48.904623712646156,31.683776468957703,75.39460698280313,1283.922274337638,Sugarcane,92.15508330968149,5675.088476855362
Tamil Nadu,Coimbatore,Red Soil,Rice,87.14408820263205,30.905754426369967,45.457326105710635,21.293585126772946,81.27291300833122,1190.1784499443736,Rice,86.94085610469324,3082.356679036482
Gujarat,Surat,Sandy Soil,Maize,96.13128639499226,54.37610889496846,91.54367096737786,29.599938490144837,61.4516831050783,662.8773038488009,Maize,89.73813232851299,3006.6482358621242
Maharashtra,Nashik,Sandy Soil,Groundnut,40.62154019546966,49.73171120000756,52.48320338462045,22.352816801201996,73.50031926100287,826.677197166029,Groundnut,98.94405966239245,1639.9291934382723
Kerala,Thrissur,Sandy Soil,Wheat,99.44981816115195,46.81627487620442,40.48109079382563,22.007228885475712,48.95063716291354,665.7845774274774,Wheat,89.91257601544753,2827.969488009886
Andhra Pradesh,Ongole,Black Soil,Cotton,84.69244240053465,58.0004371476287,30.107940414366166,33.708666904928144,61.51009339546928,818.4639723643619,Cotton,93.9902500897349,1872.2901173945263
Tamil Nadu,Salem,Clay Soil,Sugarcane,100.1088945444593,46.37507327073065,47.47592729473602,26.108087145359722,68.51310460277557,1386.23057138138,Sugarcane,92.49112465039882,5014.242652645548
Andhra Pradesh,Guntur,Clay Soil,Sugarcane,109.9326009385177,49.6673944695592,42.61857401875775,28.95467952409274,75.78400086817618,1110.7908023456464,Sugarcane,95.51926798324773,5969.186116612448
Gujarat,Ahmedabad,Clay Soil,Sugarcane,113.19149970850219,71.94326922521581,13.557752071081076,28.633481843373723,85.67099395270571,1289.5894272082155,Sugarcane,95.66118172909877,5195.686532978426
Maharashtra,Nashik,Black Soil,Cotton,97.21326995175917,52.01812679935635,50.67909333790807,29.18495562768365,63.24015578361583,932.0392332113242,Cotton,88.69681389782767,2392.868307000482
Andhra Pradesh,Nellore,Red Soil,Sugarcane,98.51382290566065,72.59488946919008,24.48462318436986,29.294505502209343,70.3043425752908,1196.0879403547988,Sugarcane,93.25625152398568,5475.863092213022
Tamil Nadu,Coimbatore,Black Soil,Cotton,87.0277266373409,46.878681088186426,57.43719487588189,29.572353864938524,61.8599200707756,1058.997291813532,Cotton,89.46886908875199,1959.0088598412929
Gujarat,Vadodara,Red Soil,Maize,90.0125386916475,61.82478562198822,102.63465677069756,27.70910260812301,61.78335105575121,629.3223741740395,Maize,91.9034276416385,3093.7496271675514
Maharashtra,Pune,Red Soil,Cotton,88.73626026167824,43.18551719071318,59.905813846591414,29.440702956226197,74.34023154544946,977.9927512596221,Cotton,94.73358007623754,1553.9877951162664
Maharashtra,Pune,Red Soil,Rice,85.57115157013072,39.968272156843305,38.93168482196331,22.39573726904515,77.26713107708663,978.2440258937893,Rice,87.05742434362347,4242.663226450004
Kerala,Thrissur,Alluvial Soil,Rice,83.22840817568908,23.683097238511237,56.817538317457405,23.624122690129436,72.08785348003705,1372.670490579601,Rice,85.55588739512035,3538.4516295542626
Karnataka,Tumkur,Clay Soil,Groundnut,38.0218055661237,52.68551831831899,90.06162350962742,25.840152735292,66.60589212120561,742.7021587406066,Groundnut,94.68840795468873,1629.0535782501745
Kerala,Palakkad,Red Soil,Rice,114.78832545158151,48.452015053509385,56.858085646535756,25.31634283013024,82.36013277055706,1141.3648688344852,Rice,97.32132852123567,3040.932799389283
Karnataka,Tumkur,Black Soil,Cotton,91.47553971024004,42.2531149252436,26.72513785522198,29.901494994350454,64.03012677619282,997.1166478644172,Cotton,86.40387051557813,1680.1062647294268
Maharashtra,Pune,Sandy Soil,Groundnut,44.76263601961397,53.29411093871575,89.90311613135526,25.892154889657405,74.25838565151187,570.6751592136355,Groundnut,87.52044513011452,2088.669923380866
Karnataka,Tumkur,Alluvial Soil,Rice,100.50274554531923,41.55251735726155,69.9642024428016,23.790195612383037,82.50686623695519,1345.6496264520993,Rice,92.20935369319243,4337.050177821968
Karnataka,Mysuru,Black Soil,Groundnut,43.55210580685369,42.78408430681159,65.63220815042733,23.584568420966942,57.0974826295013,876.9477815120874,Groundnut,90.15168884944373,2131.3175772522213
Kerala,Thrissur,Black Soil,Sugarcane,75.19000875148278,67.80972195858595,54.822674416834786,33.25694508430949,86.14268165443745,1224.8626036839737,Sugarcane,93.3505739343632,4886.9026243974
Tamil Nadu,Salem,Sandy Soil,Groundnut,39.882448448244816,44.615127407651336,82.01363104290552,20.676403338665377,66.69609146539685,774.1947876444835,Groundnut,96.20059371192059,2029.6788530075908
Gujarat,Surat,Black Soil,Cotton,74.87602588559486,42.45909375423399,41.49276229711273,31.563727597743863,64.20429080473755,978.8848476764767,Cotton,96.19199480751175,1685.351183825164
Karnataka,Tumkur,Alluvial Soil,Rice,78.97104683209297,42.00295900574399,51.44688353347943,26.844388577526416,75.25435357162586,1109.1940879308775,Rice,98.45947253669752,4143.796974787766
Gujarat,Surat,Alluvial Soil,Rice,88.04894034007722,41.96898561310816,71.12949148336233,26.02523550887021,83.2572905091675,1023.6575785025069,Rice,89.14196304694396,4035.729225244401
Kerala,Kozhikode,Sandy Soil,Millet,41.98286935169167,41.07079021153333,36.469769547785674,25.948857188286443,61.74416926121043,358.3726289373692,Millet,94.59910720415995,1122.5153596964378
Tamil Nadu,Madurai,Red Soil,Maize,94.21924870604194,61.93568805452526,59.54588066494436,26.230611165737756,67.14162394617676,581.2125295696338,Maize,87.77842960949485,3095.522155061193
Karnataka,Bengaluru,Alluvial Soil,Wheat,108.34894694746109,28.707667013116893,26.550419637018948,23.243941920610716,53.4556685643485,485.60891901296225,Wheat,89.25918321469787,3195.1490159086875
Andhra Pradesh,Nellore,Sandy Soil,Groundnut,49.57749212135159,43.78322212512451,93.92409068032714,25.34743016932447,70.91889333931184,538.1361031218983,Groundnut,89.85902685626188,1911.5188848742257
Maharashtra,Nagpur,Alluvial Soil,Millet,51.762841120743765,35.98482658232147,34.78097214210893,32.96845329493846,58.40165969249621,559.4715328095956,Millet,87.720244168773,1418.6383978275958
Maharashtra,Pune,Clay Soil,Sugarcane,108.09695084196298,70.6181234125409,26.49060913081864,26.783216434735273,79.24547359432181,1087.8645461486112,Sugarcane,85.089032106511,4922.33239930188
Gujarat,Surat,Black Soil,Sugarcane,85.7222258430483,47.70535908360909,22.198252516887138,28.968202646475017,75.24019263808984,1047.4625380745576,Sugarcane,87.42247920519007,4907.783577155379
Maharashtra,Pune,Black Soil,Cotton,77.2018394570576,62.84326921248533,24.573124552494928,30.27009899895559,65.49540082189935,1053.6291814486378,Cotton,85.20544370107024,2364.77898471855
Karnataka,Bengaluru,Red Soil,Maize,79.39081564598817,45.073620464788824,77.12047320224107,23.31057175788181,63.82966202019727,622.6548293958587,Maize,97.43203006228171,3026.9005240684764
Andhra Pradesh,Guntur,Clay Soil,Maize,110.05300229956411,55.15270361049943,82.98998805647334,28.025753243934094,63.35324496058284,978.8102855397409,Maize,92.4805060988766,3224.9525837745664
Karnataka,Bengaluru,Black Soil,Cotton,77.89489429282936,45.55817553331805,55.53099083387228,31.537255535227374,63.53295817948584,787.1315151406434,Cotton,88.6144609993678,1639.9312205692322
Maharashtra,Pune,Clay Soil,Cotton,85.99514737810898,59.71684967322842,33.360972425807624,27.509131979924533,67.49191731767597,825.3868977573874,Cotton,91.63421162677366,2078.5084399419425
Gujarat,Surat,Clay Soil,Cotton,68.77409419430664,56.10864343863265,60.03504792037432,28.317608979932338,59.293361536913224,746.3499841820748,Cotton,89.75044229378491,2474.8413403130326
Gujarat,Vadodara,Red Soil,Maize,98.67124502027126,52.30770525793494,79.04020644229205,27.677157382950796,75.88839019544892,841.7814555708458,Maize,94.39151212022291,3290.6645062658326
Gujarat,Vadodara,Clay Soil,Rice,93.16538741845636,44.22229252056432,64.137215955214,23.65212308664402,78.50813297598263,794.474054363717,Rice,88.73079067286,3876.8652971454026
Gujarat,Vadodara,Red Soil,Millet,60.02530748908319,33.57028649087839,42.78868271401373,32.152364703340716,66.90093355169991,477.2696733590641,Millet,94.1219301742048,1174.9535395171927
Tamil Nadu,Madurai,Alluvial Soil,Rice,94.08974930470822,32.52373387902114,62.02004715909868,21.004561230372488,88.34704919877578,1034.204929098385,Rice,91.56566062365434,4022.288452390371
Andhra Pradesh,Guntur,Black Soil,Sugarcane,79.17302425886672,50.63336228363411,53.233497598268116,32.5153121365892,74.39462620229405,1221.6017693367228,Sugarcane,87.7371160095649,4828.372926720311
Maharashtra,Pune,Clay Soil,Wheat,117.49449693739084,46.29918805298481,21.994968164065945,19.489401954634136,55.40951423319555,520.8947526685549,Wheat,97.56337824946537,3678.30552631806
Tamil Nadu,Madurai,Black Soil,Cotton,66.76866883767912,55.31254492076188,67.84775170544066,32.610410020896424,75.9142824626471,730.0595939883523,Cotton,85.69360095627218,1965.1668183653778
Andhra Pradesh,Nellore,Black Soil,Millet,43.07387209636667,38.158805684932126,51.228024449352844,28.374406740678925,46.519046426694366,459.7717374707415,Millet,96.69014040698407,1556.9957803429531
Tamil Nadu,Coimbatore,Alluvial Soil,Sugarcane,77.2933165805827,57.93749525593734,28.575980260510768,27.58675396747338,84.46998415243706,937.1658736122595,Sugarcane,87.97577426603554,5084.29556759508
Andhra Pradesh,Nellore,Red Soil,Millet,68.81030361796996,29.577252548940862,29.90366472303564,30.19270887665387,56.69863986483179,576.2620514258188,Millet,85.17832183179155,1409.5746159805058
Gujarat,Vadodara,Clay Soil,Groundnut,36.20978774410278,44.43593134320654,78.94615324748855,28.773664013854052,64.56623294752339,727.3080444922721,Groundnut,86.10406760292665,1747.832021277685
Kerala,Kozhikode,Sandy Soil,Sugarcane,85.75886068037754,68.38273690331266,61.30567776566088,27.573458027283,81.10908131790583,981.824110302026,Sugarcane,95.66971343120456,5288.086747595176
Kerala,Kozhikode,Sandy Soil,Groundnut,28.93779503728402,63.00869863527285,52.51746736360061,23.94210767865291,69.5852577086709,804.3548861336355,Groundnut,89.04436570585231,2225.8068234176885
Gujarat,Surat,Sandy Soil,Millet,62.623448694735885,32.45367789524464,29.12638560535205,24.73968207519065,57.93247047001713,369.06054312115884,Millet,89.10341376659319,1257.5762567662512
Karnataka,Mysuru,Clay Soil,Sugarcane,80.3455472058251,60.293495798504836,30.18700923985776,29.589453212813083,79.11392589414515,1291.6537461295497,Sugarcane,85.35500657163551,4972.202515047469
Tamil Nadu,Coimbatore,Red Soil,Cotton,51.08170829248683,48.303423706799684,56.483569512743756,24.256104528460824,53.31514618430881,719.4071966393924,Cotton,87.7633177155552,1693.0206806104416
Gujarat,Ahmedabad,Red Soil,Millet,47.07528444274931,32.90542374186952,37.34074053756335,29.41393058742809,55.161731507164674,447.59855747805796,Millet,98.02126859557849,1220.1959322960915
Tamil Nadu,Salem,Red Soil,Rice,75.05036060265273,38.93775292411311,28.0427477722087,23.433836610083624,76.1589984383726,1026.1487546377234,Rice,98.09380868523967,4211.909630513977
Tamil Nadu,Madurai,Black Soil,Cotton,77.19671187869555,45.14628659784576,57.71253127697389,28.901941281524152,63.39926781971971,782.5466044099085,Cotton,97.61330638900478,1591.9319818746944
Gujarat,Ahmedabad,Red Soil,Wheat,101.49859685509875,44.338101370069325,52.72765609168455,22.350409999857447,60.5767753115404,736.7671603407518,Wheat,87.88427705443334,3954.3424858888043
Maharashtra,Nashik,Black Soil,Cotton,70.14635515043145,43.37472739808048,59.86527799579452,29.892958917721987,74.39177771308287,881.6370498673109,Cotton,95.37391794723898,1706.2592293867417
Karnataka,Mysuru,Black Soil,Cotton,89.44532521973083,62.860062983942434,77.76763844978731,29.314624172846383,67.14479392612456,823.2074937930668,Cotton,92.3994188493845,2231.4253949947147
Tamil Nadu,Erode,Red Soil,Sugarcane,105.14862469118164,50.8410349190569,13.058385532438898,29.571354981470733,82.40084947455286,1271.0989433937575,Sugarcane,93.41380489494487,4831.677347426551
Maharashtra,Nagpur,Black Soil,Cotton,76.89878482919747,67.2137876085637,19.113275015168732,30.383543192752967,57.85612383222378,845.9366108894551,Cotton,98.09995208306931,2452.3536772754737
Maharashtra,Nashik,Black Soil,Cotton,84.33219619794666,56.95119433729201,36.553851961575944,29.79744939983791,61.42282810004055,1001.0929735518134,Cotton,94.75964009801002,2497.3796371769054
Karnataka,Tumkur,Clay Soil,Maize,94.52205277979886,47.19522052677427,82.0591545710602,21.599982884906098,68.17455265018685,693.8578493655332,Maize,85.46515452567438,3468.0617580828266
Karnataka,Tumkur,Sandy Soil,Rice,86.9990997118741,31.90080064154632,37.97273925718618,28.583621844636923,71.2841802227681,1187.9098046493866,Rice,96.08525912363616,3756.365860100405
Gujarat,Surat,Black Soil,Maize,79.3514539864586,38.136396364588,80.43363785345257,29.557908662424964,61.31506320860356,546.4984547489129,Maize,91.32519892209436,2795.239887953646
Kerala,Thrissur,Sandy Soil,Cotton,76.35728282090037,48.094834280147694,35.34124814525563,29.065896277160522,66.45931508284599,895.9802808755032,Cotton,87.55771435572036,1914.594872682096
Karnataka,Bengaluru,Clay Soil,Rice,95.88426471654608,33.79681796207374,63.185034951618896,22.456518376505517,89.60731633406674,1041.711133861522,Rice,98.65580431310164,3853.6043401614857
Karnataka,Mysuru,Alluvial Soil,Cotton,73.89605042986008,62.03418245646693,55.1862757348097,28.066058693833845,70.24788633190869,772.8963974196915,Cotton,96.66863821067628,2160.2538789304886
Gujarat,Vadodara,Alluvial Soil,Rice,112.58635078311045,18.041606646024572,59.54630500122647,23.739621013869225,76.09812750684173,1301.2616091588857,Rice,98.13514025525579,3389.932318570396
Andhra Pradesh,Ongole,Red Soil,Sugarcane,93.00801268901513,54.38846983604568,55.83748493504427,27.2175699858046,70.73489027452959,956.2100767927541,Sugarcane,88.28417234479994,5465.057147132654
Kerala,Kozhikode,Sandy Soil,Sugarcane,91.35260514033801,64.5816228645205,44.83316994187117,30.339931027962507,77.66003134407897,1040.0098122936245,Sugarcane,89.52810684114021,5600.925934018419
Tamil Nadu,Salem,Black Soil,Cotton,74.12038301090014,51.72825452649256,63.12889412475505,29.43131309635522,62.4498687091224,758.3961884465161,Cotton,87.34535189660525,1946.8257209320006
Maharashtra,Pune,Clay Soil,Cotton,84.19107071264243,50.92415950224336,40.30265323961224,28.020871038970952,70.21351804008897,661.8584641068303,Cotton,92.22331471118929,1684.1332068238958
Maharashtra,Nashik,Sandy Soil,Sugarcane,103.66836962223104,46.0455958341048,29.29906579932477,29.171007655038444,75.48432328782688,1599.8068397017519,Sugarcane,97.40468910986196,5328.341520925949
Gujarat,Vadodara,Sandy Soil,Rice,88.5564835107822,34.02994938042982,37.32855110028404,24.841540996685893,82.15195456229577,968.1362600614783,Rice,94.1144902414248,3349.10588817899
Tamil Nadu,Coimbatore,Black Soil,Cotton,68.97437262699437,52.34338913775837,59.599697718848475,27.467152232045535,65.69849341557668,912.3816424061972,Cotton,92.38068928371717,2267.500493381011
Kerala,Palakkad,Sandy Soil,Sugarcane,75.55154491417483,58.13014376756302,41.033170780140736,30.207870645991832,79.81643294009457,1318.9122913208153,Sugarcane,94.5834773990401,4784.395518522362
Karnataka,Mysuru,Sandy Soil,Rice,85.25365698003756,29.411918923072342,63.9206410193342,26.414598216599128,74.63334283706531,1022.670753843739,Rice,88.18872809431372,3753.9688901607497
Kerala,Palakkad,Sandy Soil,Sugarcane,82.87067595312574,55.29690722088091,44.095959619916535,32.78014898172165,77.81127744006089,920.8455414244588,Sugarcane,95.83330722952104,5384.583257786183
Tamil Nadu,Erode,Black Soil,Cotton,64.36917860119675,51.01823099349612,39.604067927737766,31.114345082121527,74.02218713256647,864.3449982484815,Cotton,89.06806252417981,1917.625327487392
Gujarat,Vadodara,Black Soil,Cotton,61.66963155360936,55.26488816919789,58.547073357500565,31.444727939554664,70.01409096976339,650.6879745906409,Cotton,98.13719590869316,1543.1207275757258
Andhra Pradesh,Ongole,Black Soil,Rice,71.1893520881643,22.960399275321876,71.20630175706583,26.156958597924017,80.08749357062476,1082.7148953695687,Rice,92.40864600829103,3277.521236734045
Maharashtra,Pune,Alluvial Soil,Rice,66.48349557806355,29.805918653629327,46.28475335254565,25.59736765858493,78.52495662104697,1206.3583300744733,Rice,97.53164360072968,3949.6841759444906
Tamil Nadu,Salem,Sandy Soil,Wheat,98.42532673478141,38.54152717404318,46.52199641685114,26.464712950728508,45.23018255005832,673.3767473397255,Wheat,86.39248329279351,3726.7655166579925
Karnataka,Bengaluru,Red Soil,Sugarcane,91.8162085284008,67.23718468109618,46.66395271094576,29.141937572487137,84.57733731427481,978.5394320056805,Sugarcane,95.20448701343705,5016.419468712046
Maharashtra,Pune,Black Soil,Cotton,71.29237717999611,55.99224974073408,25.42028948733912,28.24093420487347,54.16703488056508,927.3238606691075,Cotton,85.03576506423572,2458.3959763796047
Maharashtra,Pune,Clay Soil,Groundnut,60.492164818924365,48.12046032102273,64.67483020221196,24.422343671317137,63.677791825627004,721.2530466812883,Groundnut,92.19399904406549,1980.0699345111614
Karnataka,Bengaluru,Black Soil,Sugarcane,79.20006247940455,57.037656734485424,34.866317908897386,31.667659238947735,75.79837426927938,1064.4434734273932,Sugarcane,94.43340181194168,5913.037054533095
Andhra Pradesh,Nellore,Sandy Soil,Millet,66.86142064580554,30.075072710860997,41.03549163661477,25.540630857947317,71.20580975915873,736.6821242186595,Millet,85.08178146275088,1485.8767792387957
Andhra Pradesh,Ongole,Red Soil,Sugarcane,88.47199675490629,68.88989683670168,24.444895276710444,28.807283048408305,82.31718087897228,1519.2184156692995,Sugarcane,86.91137981930588,4762.105492051085
Tamil Nadu,Madurai,Alluvial Soil,Groundnut,58.819497607720194,50.30416496486626,76.16075388833679,21.935537440421,80.21326408785288,514.9060921273826,Groundnut,88.92640886558218,2301.9925451584936
Kerala,Thrissur,Sandy Soil,Cotton,57.037947057259046,55.7410282354444,34.63966354036073,31.339217359205506,60.759285897323345,906.9490007461511,Cotton,89.3719745222501,1511.8982551234315
Kerala,Palakkad,Black Soil,Rice,75.03024243864897,33.914168383767105,41.396467411429356,20.397903744589428,86.01057067571281,1047.6382530981866,Rice,94.79673504491721,3423.114468864317
Andhra Pradesh,Guntur,Alluvial Soil,Rice,63.30849397632306,28.54558428841966,66.95836871617885,25.185306501212487,74.96970458926953,999.783715142725,Rice,86.84694544266851,3766.8329249596654
Maharashtra,Nashik,Alluvial Soil,Rice,72.39430334501655,38.19493586782377,43.92042843050322,28.18639509692366,85.97375913454526,1168.7276186237843,Rice,87.87875274829717,3194.846324365087
Andhra Pradesh,Nellore,Black Soil,Cotton,72.65357595252951,48.24056590527688,45.68871812946193,28.538645211560777,58.767947397259576,681.6975147831498,Cotton,92.75009762924341,2414.126320873706
Gujarat,Ahmedabad,Sandy Soil,Cotton,85.5098690874616,53.48392713104515,71.192822912049,24.75043535738,60.12234884361847,920.9767236712564,Cotton,92.51633060351439,2400.337131675173
Karnataka,Mysuru,Alluvial Soil,Rice,95.7990160041872,33.33516277258046,42.120304343460724,25.443292416999952,88.69699446841464,1271.2922322857821,Rice,94.56439273565582,4094.78311410874
Karnataka,Bengaluru,Alluvial Soil,Rice,111.2589848122407,30.448878753199025,44.615852533469436,23.670017725693537,81.83054842646696,1262.8547349655523,Rice,92.61873182903594,3169.7124592018627
Gujarat,Ahmedabad,Red Soil,Millet,77.24198600491795,40.15210546389389,34.391064426164455,32.52011129871126,61.86596370629977,480.89193027890224,Millet,97.37288270567484,1204.7621958559635
Andhra Pradesh,Guntur,Black Soil,Groundnut,28.779328677449378,41.1758010738309,60.426805190535234,23.454590158077455,78.20100917031716,901.0087940686801,Groundnut,88.53098258785829,2147.684533484714
Kerala,Kozhikode,Sandy Soil,Cotton,58.218665517416426,58.193791744860874,61.24321379747131,30.171961269176613,58.29739689007231,911.1337544300084,Cotton,92.26024697618553,2292.3791765035958
Maharashtra,Nagpur,Red Soil,Maize,94.85814307026888,55.55913079805605,109.99585077413047,28.569772869276115,70.59236870676956,730.0877394876179,Maize,98.98862550874215,2858.412216739775
Andhra Pradesh,Nellore,Red Soil,Millet,68.56641667394331,32.329604480693945,34.304279094707255,27.054250715714648,54.06446366347605,302.4394619653009,Millet,92.15355207012183,1241.192144468205
Gujarat,Surat,Alluvial Soil,Sugarcane,106.08556793408371,43.29234136252737,43.72802946191235,27.907315230148477,78.16073211853248,1263.2487844992709,Sugarcane,98.19848394028672,4607.600979783375
Karnataka,Tumkur,Black Soil,Millet,39.467259950660626,35.62084506835044,50.39425995876898,27.203433376323392,42.17929471634858,425.28292135990404,Millet,96.27650490723214,1323.5259752053582
Maharashtra,Nagpur,Sandy Soil,Sugarcane,79.96970221267301,55.02834256235019,16.158430512092544,27.936333502646335,83.25183672804752,1464.1570973489893,Sugarcane,92.40684402240747,5049.712168563387
Andhra Pradesh,Ongole,Red Soil,Sugarcane,93.53241759924404,57.05462976141499,63.77596664061916,31.4216494897153,79.25471595637217,1537.793612168561,Sugarcane,94.33688600169,4878.185514132813
Maharashtra,Nagpur,Alluvial Soil,Sugarcane,78.24074022061536,65.58394677763602,33.079720754005926,29.31066492362053,83.06108751503922,1162.7784364614201,Sugarcane,93.98504559389616,4679.106229136811
Tamil Nadu,Erode,Red Soil,Sugarcane,96.84223557720892,41.24004360908778,39.91664539903545,29.06681019981382,75.48170012360288,1126.7726380141687,Sugarcane,88.068087124447,5650.052049581477
Karnataka,Mysuru,Sandy Soil,Groundnut,50.752959003484605,51.63726003170592,62.026172023012656,26.98872230289954,75.3518574977593,747.5028047355354,Groundnut,86.19683406578956,2373.453309882802
Kerala,Thrissur,Clay Soil,Sugarcane,94.51936292397032,51.26125273440405,28.140339432761806,27.470945384800174,76.64847037160688,1243.5137062249269,Sugarcane,91.9147703954244,5258.0714380598565
Maharashtra,Pune,Red Soil,Sugarcane,95.03337164521865,74.39617630049227,24.90926408433006,27.756123065942944,85.91953909168585,1046.947454556303,Sugarcane,89.0833933868709,5630.673263481407
Tamil Nadu,Salem,Black Soil,Cotton,61.521960801473455,54.542658518754365,54.86200242468006,27.142637984244285,54.01806318165535,677.0365716438253,Cotton,90.58450216219019,1961.7600518492409
Gujarat,Surat,Sandy Soil,Maize,80.46377622982816,45.33530174208036,65.12017857173066,31.18697106670259,62.170672999156594,734.5161775623174,Maize,97.4713412062583,2702.2294047325613
Gujarat,Ahmedabad,Sandy Soil,Maize,102.36486976376858,44.18621977019494,77.8768492832437,25.717495075160443,70.55668233570351,696.9600128521764,Maize,92.59221449740723,3137.0147808431047
Karnataka,Mysuru,Black Soil,Rice,79.63442612583631,21.63578216551885,66.77153183742425,26.83069918680969,81.33190185488337,1046.019958920534,Rice,98.65263985903806,3887.900504499183
Maharashtra,Pune,Red Soil,Rice,90.13373562949744,17.84278013596696,73.2492258155764,25.296530948913084,81.43561989795143,1148.35617360605,Rice,98.96178049336632,3016.7838853604812
Tamil Nadu,Madurai,Red Soil,Millet,53.96109247792239,30.24129332255608,55.91080214475858,30.862873887314915,46.92916466132819,508.2554553560899,Millet,93.58395531568513,1327.662620856644
Tamil Nadu,Madurai,Alluvial Soil,Maize,102.68475000952623,48.68110633866933,66.77248278639587,23.519931803336636,64.6645081427748,569.937872572672,Maize,98.05090720620125,3253.8975801191377
Andhra Pradesh,Nellore,Clay Soil,Rice,91.185028426124,23.98907736439,64.51217871004907,25.338197751744552,90.59423673239928,1093.7622613828726,Rice,88.46159190271867,4089.6696656245267
Gujarat,Surat,Alluvial Soil,Cotton,71.69350458186771,59.73097525504496,50.38167410493102,26.303569588965416,73.2424900667809,612.428744006176,Cotton,97.46948046892291,1902.8876265437173
Kerala,Palakkad,Alluvial Soil,Rice,106.05971882259668,27.220178499219017,47.06362544791702,28.202786331002535,83.83871022822157,1175.4170835677826,Rice,86.42770567616672,3777.105885693605
Tamil Nadu,Erode,Black Soil,Cotton,72.63648391230612,48.63451132967893,40.583651196816675,24.631852245596033,60.75365346602244,726.3533528904378,Cotton,88.2636723579784,1556.6595534130481
Karnataka,Mysuru,Alluvial Soil,Rice,87.91931575951436,47.4135086811459,57.0807749352648,20.911905476315386,80.63418396170646,1221.784670751676,Rice,87.65407584599176,3770.7565427383033
Maharashtra,Pune,Clay Soil,Sugarcane,81.8214919286476,51.51128380683938,19.65043778619514,29.30712128990389,73.11636710009685,842.9891932821902,Sugarcane,95.23060022274808,4613.152157741845
Maharashtra,Nagpur,Black Soil,Cotton,73.36183454541502,44.00036101631098,48.137743771215234,30.925734809144025,59.751578161065396,843.7679314268784,Cotton,92.13458528646768,1698.319066413665
Andhra Pradesh,Nellore,Red Soil,Sugarcane,106.26273172216025,75.99918635232628,24.973815544113044,28.226141499091035,79.41044164210113,1148.1083982735909,Sugarcane,89.89565072564048,5035.64928132422
Kerala,Thrissur,Alluvial Soil,Rice,74.40976090574415,31.50862283326113,73.46611906448514,23.359159263138714,80.43648156464147,1192.7415390022002,Rice,89.4619285166578,3380.45582992026
Andhra Pradesh,Nellore,Black Soil,Wheat,85.13847964053421,27.1105277631195,47.96735340376544,26.340728253339158,41.907430380270284,869.498461242548,Wheat,91.81741239711879,2673.181655360782
Andhra Pradesh,Ongole,Black Soil,Maize,71.76547848322619,51.6738751038359,110.38334282386475,28.963190498600454,66.58911571573346,772.1384183973381,Maize,93.13593201993862,2504.6983237040745
Karnataka,Bengaluru,Sandy Soil,Sugarcane,105.82823056698173,44.69401433968789,40.721516947660824,28.133513595852236,77.52403694757274,864.69199554679,Sugarcane,92.01610487421459,5964.472725472575
Gujarat,Ahmedabad,Red Soil,Millet,78.20988650720238,32.58048549251436,22.120893765764208,27.881777347646988,51.90114656018767,494.3105633202819,Millet,90.52340441746578,1488.0879144456246
Andhra Pradesh,Ongole,Clay Soil,Wheat,116.98949342727707,51.52026593464825,61.32322935723595,22.057887994560016,49.95948772221247,550.0207647754469,Wheat,85.16280908517363,3692.313628208318
Andhra Pradesh,Ongole,Red Soil,Rice,88.71257654770447,26.223657082482998,35.34514500498534,25.76533405151408,71.45054893544871,1063.6173049222523,Rice,88.53143691131662,3049.1734681672756
Kerala,Thrissur,Black Soil,Sugarcane,79.02253464369223,39.729527972914504,21.885198193994896,29.800948105006874,80.59872989429957,1276.4282572392187,Sugarcane,87.72901647308159,5720.952231019658
Andhra Pradesh,Ongole,Black Soil,Cotton,84.0169859218097,57.31480265162516,45.88350331876312,31.568834832785107,70.73373140835874,770.5164439980722,Cotton,88.86031163156692,1840.90167019697
Tamil Nadu,Madurai,Sandy Soil,Groundnut,51.32686244801056,44.753021447368155,67.85302310770881,25.597835493629738,69.80331777267584,598.0425633715192,Groundnut,85.60346775638888,2355.2255798130464
Andhra Pradesh,Guntur,Clay Soil,Groundnut,45.69040763793069,58.56573512466137,56.086945358313834,25.901070379888996,66.4320383163993,815.9295235168408,Groundnut,98.19343338459059,2019.4341771760542
Andhra Pradesh,Ongole,Sandy Soil,Cotton,92.91166341325099,47.60508817366507,27.616428472504563,28.10699332447741,57.4071576744514,887.2731716542604,Cotton,96.95629492349019,2325.6016183607053
Kerala,Palakkad,Clay Soil,Groundnut,58.75523662758933,52.11848653784964,75.06347319542623,21.50119872336486,77.34212176192301,660.3068743357246,Groundnut,96.88128941777248,2017.2488962403143
Andhra Pradesh,Guntur,Red Soil,Millet,43.13409744986845,40.791685326469505,24.10750923265416,29.436829446822813,52.005034044030005,563.5420186181711,Millet,97.16839991589515,1230.6651799008246
Karnataka,Tumkur,Black Soil,Cotton,81.51973848202957,46.72255108827544,67.65602785299484,29.742865576652527,64.78044621822305,955.3119703641175,Cotton,86.6733816413323,1519.7464126059451
Andhra Pradesh,Guntur,Black Soil,Cotton,74.66936007344852,59.327491972500134,64.26625567862415,31.387356028067117,64.15525490026798,705.5251483964541,Cotton,90.66755480922296,2047.0011244550826
Kerala,Palakkad,Black Soil,Cotton,74.24924404670442,62.30316991740155,63.575653392786194,26.381401132754952,48.038845391259926,1061.0487716493105,Cotton,93.64997601801805,2072.983709738299
Maharashtra,Pune,Red Soil,Rice,73.1826705118705,27.84433602868649,46.38728289724288,21.26806226093576,83.21524633735537,990.0348355342152,Rice,96.18139686787877,3527.0350165861882
Karnataka,Bengaluru,Clay Soil,Rice,81.51009634947117,32.65976543554849,73.48325604756153,23.320942197644413,74.76291664889763,1255.569072642692,Rice,96.40889580146047,3488.9139331582087
Tamil Nadu,Salem,Black Soil,Cotton,64.12903497242766,41.21806744752628,37.43508667726217,24.8345971620722,71.31267981687715,932.2526242950244,Cotton,85.29271769715669,2095.8305870920317
Maharashtra,Pune,Red Soil,Sugarcane,85.12187198293593,40.491557168381846,42.73282698826261,29.371263365484765,84.33734546202815,1554.9413514695289,Sugarcane,87.69909175215155,5110.013567293233
Maharashtra,Nagpur,Clay Soil,Cotton,60.84660707762461,65.13192432544363,66.67679136886939,26.66100299536088,64.12137982325207,744.0970295331521,Cotton,92.2654913138413,1859.5646366828314
Karnataka,Bengaluru,Red Soil,Cotton,63.039031029785235,59.72157242425951,41.239154489629335,25.715821459449536,63.2360490688873,806.2967474399165,Cotton,97.11238641096388,2323.34397566775
Kerala,Palakkad,Red Soil,Sugarcane,76.68621165254396,39.615744727328405,43.255667476826204,27.689405328429466,74.59303093427755,1279.7471836957818,Sugarcane,96.38999800924546,5553.511822277698
Maharashtra,Nagpur,Clay Soil,Groundnut,39.26819670105476,47.091588350378586,79.74581429997095,23.373792795070994,66.6961281743682,795.8198956566504,Groundnut,98.16190044150319,1985.828736366321
Tamil Nadu,Madurai,Sandy Soil,Groundnut,53.02694972227829,52.368300687177566,54.3708425055773,24.722019667209604,74.28546113248873,813.529646398629,Groundnut,92.02729066736852,1694.623003880237
Tamil Nadu,Coimbatore,Black Soil,Cotton,84.79417908338114,54.619772443303816,46.6365280305821,27.308788449239067,64.00707774107714,894.6101935949093,Cotton,98.40620654462138,2333.6475748766793
Maharashtra,Nashik,Red Soil,Groundnut,34.78464231681474,61.43640233552087,59.28785826127127,28.661665540527316,60.63996844657919,673.9490103620825,Groundnut,95.55091920284734,1792.5557689603766
Andhra Pradesh,Nellore,Black Soil,Cotton,71.48996491261873,59.08734011472025,73.67570838299679,35.11629787938385,68.5942584143805,749.9799198513513,Cotton,86.70834076831278,2434.00188397085
Gujarat,Vadodara,Red Soil,Wheat,126.58727264607612,56.315824072188846,31.68675908042929,22.819321181021863,44.53630194301601,917.4790294654915,Wheat,88.21976601246321,3471.3034294102226
Maharashtra,Pune,Alluvial Soil,Sugarcane,85.92021971356729,58.73775123548851,34.938621792487154,30.25633845836092,77.06700249776779,873.3000217483506,Sugarcane,98.5316088732448,5455.817138326623
Karnataka,Mysuru,Sandy Soil,Wheat,115.82203802732438,38.088661180642134,17.862250692369575,20.649097494657454,48.88059266684152,471.0752198340309,Wheat,98.45117981496024,2696.0910261616527
Karnataka,Mysuru,Sandy Soil,Maize,91.05773671412445,58.416990549634264,88.84943506626367,28.95321607194841,67.94080896391918,596.8089117848995,Maize,98.12088635518019,2987.067825732938
Gujarat,Ahmedabad,Clay Soil,Sugarcane,110.08711551957418,51.286979941382924,38.72835890916346,25.165429038933347,75.97517791862148,1200.6887038989332,Sugarcane,85.82235302899849,4667.051603495168
Karnataka,Mysuru,Clay Soil,Cotton,87.33524802844829,67.88086766499855,29.788504886018366,30.397410309840176,61.39781407168739,698.9276834318591,Cotton,98.33962497585165,1959.1924784380758
Maharashtra,Nagpur,Red Soil,Cotton,72.0761059142694,55.11993260785777,52.90302660019336,33.63265944199608,60.417296807738445,850.8893681031514,Cotton,88.08756054682952,1941.7643457367467
Tamil Nadu,Coimbatore,Clay Soil,Maize,85.03379755474694,60.742451406543246,65.66755573840197,20.18950633296555,63.793822018167766,982.5249800733408,Maize,89.59714645617325,3004.1981422406366
Kerala,Kozhikode,Clay Soil,Maize,72.73020522772659,47.222045016586144,73.96518766256654,25.175780589797768,57.28038864012171,838.2526998117702,Maize,93.34564144742242,2848.6668660785754
Maharashtra,Pune,Black Soil,Cotton,80.7693284488023,52.196289315670356,35.87369317488177,25.597405138277146,60.957962690694146,656.4380204469344,Cotton,88.85798499635904,1773.3925078987265
Andhra Pradesh,Nellore,Alluvial Soil,Rice,70.2199267986915,33.425780107548896,51.06861666652297,22.285159974531986,76.39447546116313,1345.0024462499746,Rice,85.72518448310768,3844.462921292882
Karnataka,Bengaluru,Clay Soil,Cotton,69.48907548923566,54.3848399176999,45.57653864333227,30.23594246747516,64.37338753442847,1077.391334376579,Cotton,90.66215779079762,2186.977927690419
Andhra Pradesh,Guntur,Black Soil,Cotton,75.03527757456732,68.61136721335347,59.79334511521347,30.29019951821406,59.129227704574106,838.0590893311924,Cotton,87.26704030775905,1975.1255076166367
Maharashtra,Nashik,Red Soil,Groundnut,40.75555362707987,47.69187907963546,73.60466377454102,25.384612717840728,69.03406934755789,827.2886759573198,Groundnut,92.29039458241975,1599.0236753090414
Karnataka,Tumkur,Alluvial Soil,Rice,99.92650753425062,33.96241928113528,53.05161373425922,25.537208021914516,79.69114993880908,1117.9573642763373,Rice,88.41074504815535,4065.4873737821745
Karnataka,Mysuru,Red Soil,Sugarcane,101.219170652158,65.63989536168631,33.785878626468474,31.291943444131455,76.37333867059192,1406.3300414726368,Sugarcane,97.69822489927788,5548.170813936709
Kerala,Kozhikode,Clay Soil,Cotton,64.90395282076142,64.02988541013659,64.02123172650417,30.112653933516896,66.45272734147957,740.9767972322595,Cotton,94.8735808888158,1557.4187164707753
Andhra Pradesh,Nellore,Red Soil,Wheat,96.37064352391022,49.46883956183343,19.209162855235235,22.825726727297692,42.92964839874945,727.4799469590915,Wheat,93.2454241711323,3202.30131210677
Andhra Pradesh,Ongole,Black Soil,Maize,79.55599807665628,56.31592708773201,82.45958722855917,22.14873513469564,57.643451893467116,749.5443156649528,Maize,98.54631853538707,2672.1166282633258
Maharashtra,Nagpur,Sandy Soil,Maize,79.24813726653672,59.466757395526116,60.695293928726755,22.946817284825865,62.25238195391192,743.2467404669248,Maize,92.13661869742633,2886.436928855252
Karnataka,Mysuru,Clay Soil,Groundnut,44.767299058203086,57.42810597034051,46.96944964358466,25.231530345386993,71.50443014474979,468.44895295694187,Groundnut,88.539824176858,1729.6849660271193
Gujarat,Vadodara,Clay Soil,Cotton,82.5335940514252,53.75075142436634,57.65618806583181,32.21751833495058,62.85208311403319,804.8116705399514,Cotton,91.86905665488905,2096.7907322820674
Maharashtra,Nashik,Alluvial Soil,Sugarcane,112.52387784500937,44.480681342726534,34.2852248285819,27.939632216403176,79.60856048300353,1286.8117366117065,Sugarcane,93.62947012729894,5863.784456900012
Maharashtra,Nashik,Alluvial Soil,Groundnut,33.37346923450997,49.87902265797621,73.26572022378785,26.280301325504503,71.27748739571291,617.0003161089539,Groundnut,89.25549659152853,2261.5780939498204
Tamil Nadu,Madurai,Red Soil,Rice,106.63050958906636,35.94549276668483,64.90130370933579,23.42496531251443,85.36056632212708,1322.548314746951,Rice,91.46375116154097,3251.525688683
Karnataka,Mysuru,Clay Soil,Maize,83.64762209178483,61.12459009562483,54.1010475640542,29.158158387149,70.98523585308124,724.3064642350909,Maize,87.39202325996476,2999.591544114882
Tamil Nadu,Madurai,Alluvial Soil,Rice,85.40010888222128,32.31011915588382,42.49478129641501,23.471317335184466,73.27086109692975,1317.4453115678384,Rice,89.92664663795618,3359.013261796998
Gujarat,Vadodara,Alluvial Soil,Rice,72.84577048708893,43.30298887274712,71.30159995061712,27.055185726421477,83.61081133702457,1166.971602947422,Rice,95.43753642334617,4113.092860389376
Tamil Nadu,Coimbatore,Sandy Soil,Rice,71.32913534183109,31.47020689303514,82.7995906413966,21.953222187018312,80.26086985919933,973.5470005970205,Rice,88.11815499339184,3866.443766194736
Tamil Nadu,Erode,Red Soil,Wheat,117.91137071423445,34.221174691432935,27.429979302036017,22.861160060551768,39.09334660327106,864.7375273196776,Wheat,97.61447136823247,2865.667197207255
Kerala,Kozhikode,Black Soil,Cotton,85.42584152195556,56.6050744102512,35.98560794212888,27.185353376523665,73.12454533955844,586.650544242,Cotton,92.21086062450864,1743.6007976870446
Tamil Nadu,Coimbatore,Alluvial Soil,Rice,63.20586906778092,25.03302020647543,47.12932641910385,25.434413051071946,90.25486840805058,1366.6450337863998,Rice,95.09785552578059,3119.9358215373077
Gujarat,Surat,Sandy Soil,Sugarcane,116.52258640187964,68.30185012251508,11.978171623368755,33.153815271595626,81.2107570192799,1429.6140238752253,Sugarcane,90.52442004521126,5061.928485692345
Karnataka,Bengaluru,Sandy Soil,Rice,76.55876754690989,24.3554376657792,51.183480337376224,28.80925619765419,75.32080456011937,1317.3989461708845,Rice,96.88689571475525,3163.9059743602547
Maharashtra,Pune,Red Soil,Wheat,87.80657137421422,40.38837738210151,43.9954568641637,23.571756839251385,51.051593507996905,509.6529378277364,Wheat,90.97861905338456,3457.3355263300055
Tamil Nadu,Salem,Clay Soil,Groundnut,46.62646296661452,38.43471618342589,63.28253155451754,25.84268916275435,80.12180502520874,677.9565357042926,Groundnut,92.99095353612545,2276.767408645029
Karnataka,Tumkur,Black Soil,Cotton,64.16810076459917,64.67622676619331,48.40838047415815,29.01860272178665,63.523636559586976,705.7151259849322,Cotton,90.04039430584935,2414.8070701887978
Gujarat,Vadodara,Black Soil,Millet,40.63888897807977,37.222259452092885,77.61132601093018,25.628806406510034,65.55980017853938,389.5313128445807,Millet,94.44321691670638,1204.1693695893366
Karnataka,Tumkur,Black Soil,Cotton,94.2084155486414,56.22620015433901,61.291583099058116,28.469043220419394,59.04376063783427,842.9030567045153,Cotton,88.83477292495323,1703.5373700027058
Karnataka,Mysuru,Black Soil,Millet,52.9842937806997,47.267591657406726,41.21367790628929,27.56977219869704,63.60966785869847,623.2578335507073,Millet,98.32171922058302,1386.7547639300972
Maharashtra,Pune,Black Soil,Cotton,64.68030643517254,45.542008869761794,34.78198990311833,31.36044235576424,63.57256977471576,724.5213558279872,Cotton,89.53897839967682,1783.5242761421275
Maharashtra,Nagpur,Sandy Soil,Wheat,87.92932161890839,52.42458651219472,26.349758157832067,16.259013201718567,55.84710766250892,495.54295102588696,Wheat,93.92111681854946,2549.5018070053447
Gujarat,Surat,Black Soil,Rice,84.16680013733453,38.01814057460767,71.68776107510186,22.48911515618365,82.81669229813895,1329.6990197657324,Rice,91.17045705219476,4270.438650202173
Gujarat,Surat,Black Soil,Cotton,77.73268776647885,51.8503898135391,23.129309696354174,29.699627579243966,64.47542232795809,811.7414905299581,Cotton,92.68747840023357,2130.1224312725544
Tamil Nadu,Madurai,Clay Soil,Wheat,109.29837759229893,47.457086559248665,24.869066628219926,21.581622115633678,58.062455244060445,756.4355345338424,Wheat,96.90670589504602,2901.9944869452015
Gujarat,Surat,Sandy Soil,Cotton,83.6676402963164,55.338916974591484,59.0703458202494,28.788400929680037,67.93596448791259,710.2070623886683,Cotton,89.09491573639171,2257.2661895951123
Andhra Pradesh,Ongole,Clay Soil,Rice,100.76474694309209,35.197636842340124,48.740531971295674,25.0733397521377,79.75044633688925,1325.184533039738,Rice,88.0265704433861,3354.964216440988
Andhra Pradesh,Ongole,Clay Soil,Wheat,114.24012883006186,31.633631493967215,44.242289310254776,20.650306199171403,49.455074742052645,787.6006240061652,Wheat,92.40147170532853,2983.6274148652124
Karnataka,Bengaluru,Sandy Soil,Maize,60.19500718482515,39.54111708177344,103.77394096176467,20.320159892771535,62.53237993830381,571.6495884832548,Maize,93.10386007457679,2590.7726577992385
Maharashtra,Nashik,Black Soil,Cotton,72.19013755050523,64.42485761633378,55.85877877567073,27.271018439328287,61.596740529260245,711.8622781559179,Cotton,92.1512763461141,1995.0442460433474
Gujarat,Ahmedabad,Alluvial Soil,Wheat,106.76915033859535,51.872341351744524,38.42439017992727,18.31973279654936,49.429454479762654,654.6261601704945,Wheat,88.90558960565069,3804.982511567463
Kerala,Palakkad,Sandy Soil,Groundnut,53.17578014345666,48.04417584144246,64.85308998635666,23.129138635531767,54.321272332434056,740.929153509848,Groundnut,96.06654275380342,2469.2378456494775
Gujarat,Surat,Black Soil,Cotton,70.22676079820377,49.59847814372905,54.45169331169615,27.820929603393385,60.179194492844005,707.8028315191277,Cotton,97.18851386781586,1620.4803228327255
Andhra Pradesh,Ongole,Red Soil,Millet,36.14978211898247,32.77697993570264,37.68207024649247,31.812920674532656,54.50355202809972,471.0580795166094,Millet,85.53730932562505,1632.5423734134476
Andhra Pradesh,Guntur,Black Soil,Cotton,70.6469697150803,61.49037255593303,64.28891477760035,25.442242711238865,62.03237282513294,651.0828824679645,Cotton,91.30316002322982,2053.9766431793128
Maharashtra,Nagpur,Alluvial Soil,Rice,79.76763652500313,37.88778054768676,28.621759491256775,26.178935291114556,76.00511855830706,1431.156566193517,Rice,90.6115960878429,3090.155660377971
Andhra Pradesh,Guntur,Sandy Soil,Sugarcane,90.64654054038743,60.29762069391829,20.35033420328417,30.02092576229768,71.01336677710937,1355.4219076494066,Sugarcane,91.97863927960118,5684.8241526962
Kerala,Palakkad,Red Soil,Millet,58.09664390085494,30.643486630560886,53.01405530508416,29.345067708010895,58.297745906793224,434.04813161466495,Millet,98.58133479224007,1760.7904595379414
Maharashtra,Pune,Alluvial Soil,Rice,90.8678955727076,34.39859745443677,37.946171387197474,29.485089002128774,88.95155764604111,1211.9340212935572,Rice,98.99225466575807,4454.736532809387
Andhra Pradesh,Ongole,Red Soil,Millet,40.20331604235446,34.90079818706897,66.94898749347858,31.26170446886804,50.994092588016045,329.7096562440033,Millet,98.3248821271651,1247.7411846016776
Maharashtra,Nagpur,Red Soil,Millet,62.67805070696892,37.735746132494796,71.65478941727191,31.441811890142418,56.9210897773924,570.6189501086324,Millet,88.99972708379141,1086.2697445760357
Gujarat,Ahmedabad,Clay Soil,Wheat,81.9921902389677,47.234398456779346,27.407268803779264,21.571347441963795,51.254904436993485,788.2361237887749,Wheat,90.07523669699803,3997.93346026252
Karnataka,Bengaluru,Red Soil,Millet,56.635588221919036,31.9586543614894,61.68903219361627,28.822237449848952,62.061731211559746,384.4346053128976,Millet,92.38774664544816,1245.2412194604326
Karnataka,Tumkur,Black Soil,Cotton,72.39258860827651,49.716228150282085,39.48100093765167,28.20090271267314,60.85079993270624,771.3855906541377,Cotton,96.45574751742373,1869.4950318673202
Gujarat,Ahmedabad,Red Soil,Sugarcane,90.6311038179448,58.01697032896015,9.979700012302168,30.17892909193676,76.37849657882131,977.5005230150059,Sugarcane,89.90679768685509,5955.233516557687
Tamil Nadu,Madurai,Alluvial Soil,Sugarcane,110.07903140719091,62.815115041477846,59.46310071399631,33.31227690324106,79.4384578903839,1197.8962246872452,Sugarcane,90.08754490446383,5987.265538075264
Tamil Nadu,Madurai,Clay Soil,Maize,95.88885740994805,39.70393334034035,87.00467149327669,29.159120996346143,57.99282370269645,896.5362215890998,Maize,98.93151268687912,3416.0163329479014
Maharashtra,Nashik,Sandy Soil,Wheat,99.14198415428358,38.17624961564298,60.394306635349096,18.15629137627772,51.27224648397822,851.1626042590772,Wheat,85.31100697780147,3516.8541022546137
Gujarat,Vadodara,Clay Soil,Cotton,61.92576356132287,48.71284020232146,31.997918221136132,32.34032512908266,70.20880719912869,692.8066161882388,Cotton,90.0218667012376,2007.5843859852953
Kerala,Palakkad,Black Soil,Cotton,66.02835263871762,70.58067496615502,47.30185087303629,25.61728107083639,64.77793459835723,1002.9813890982888,Cotton,88.10280919892409,2039.0337444486463
Kerala,Thrissur,Red Soil,Millet,51.03574998544379,42.77931274287714,22.73870371243239,33.05687253248527,57.40601182949945,479.9674898516265,Millet,86.48316752848143,1724.5508499268328
Andhra Pradesh,Ongole,Alluvial Soil,Rice,71.99617021655693,40.391540113778134,66.58723544251018,26.201992136197077,84.82811635214848,1234.4935685543933,Rice,98.48124882337322,4413.44697930813
Gujarat,Vadodara,Red Soil,Maize,79.70586983935887,48.78810347388352,89.48449509644031,26.155769579465396,68.23415486688037,793.4607041392151,Maize,96.38950991044074,2910.3777602285313
Gujarat,Ahmedabad,Clay Soil,Rice,76.22926855654703,36.56817264931696,35.98488238281264,24.754970185802414,85.92021160348976,820.2385699698756,Rice,88.12851273769814,3722.5192826448006
Gujarat,Vadodara,Alluvial Soil,Groundnut,29.544880077502015,43.66879978783219,73.8078187375819,20.606181546123363,64.88991889751799,543.996780799145,Groundnut,90.21019041985411,2104.444839630483
Karnataka,Bengaluru,Alluvial Soil,Rice,84.48291483923322,35.22973510095082,79.52693851578539,22.64354254324375,73.1185958377533,1085.870942877662,Rice,89.50460406563509,3026.4010217458267
Kerala,Thrissur,Black Soil,Cotton,79.07960362614135,66.3759793067494,33.64487409688168,27.493783818703967,51.066747951348916,733.3268803597276,Cotton,89.02799826692551,1509.5790542487364
Karnataka,Tumkur,Black Soil,Sugarcane,81.37442271359916,55.78777648271457,55.33364067568919,24.224773367960612,68.56429506946363,869.5402438736821,Sugarcane,95.30713795603161,5443.163324606882
Maharashtra,Nagpur,Black Soil,Cotton,76.77083805379898,61.55066185221132,16.82102123620551,29.77211770288432,57.49705581160076,731.5293102888572,Cotton,93.89603655178219,1646.6449098353032
Kerala,Palakkad,Clay Soil,Rice,81.35951250477731,35.03085920855169,67.38197547558555,27.006099304515914,78.37499264003968,1192.6757529657261,Rice,85.6421046386243,4049.3091194199897
Gujarat,Surat,Red Soil,Sugarcane,83.33309101690021,59.3143986876193,44.012625164118376,28.17810042653603,81.46534150592731,1206.709944078236,Sugarcane,95.43052205016124,4791.330056211892
Kerala,Thrissur,Clay Soil,Cotton,48.375509866603565,52.7261741325984,51.54475012807185,24.443238842532107,66.89599110512312,666.1530297434517,Cotton,89.78552035132762,2015.5641662789958
Tamil Nadu,Madurai,Sandy Soil,Millet,45.14925799282288,30.99034088742231,69.37486737949382,32.266409083740726,47.43264812841295,734.4354361618588,Millet,98.66888735914105,1633.7648133892549
Andhra Pradesh,Guntur,Sandy Soil,Cotton,49.38516108190581,51.24422426533224,42.992280354266384,25.016504943205938,64.68787790458924,694.4576487386747,Cotton,89.68325666379579,2215.8802295041705
Gujarat,Ahmedabad,Red Soil,Millet,76.56628869517704,29.000081672121905,58.772570490088384,28.0237939178741,55.37438657440845,437.16197043148594,Millet,89.12010529955079,1547.209917181581
Gujarat,Surat,Clay Soil,Cotton,89.77946645535553,58.0598001483419,45.506807032712096,30.982442279723287,65.66178286053675,722.8002091076648,Cotton,92.4940229009827,2112.0807588042444
Kerala,Kozhikode,Alluvial Soil,Sugarcane,84.18040682154752,55.469154754519785,23.513766308081934,27.942871829793418,69.16871934950375,1205.0064804684343,Sugarcane,87.11102606411222,5888.114787106583
Karnataka,Tumkur,Black Soil,Cotton,78.36672895059503,50.63978437312858,35.21706160807588,28.82520726646154,70.39457983518771,915.323514096536,Cotton,91.35466488633435,1617.4968187673562
Andhra Pradesh,Nellore,Black Soil,Cotton,79.02422154627139,40.64372109130093,42.36585507707326,26.004571093641314,54.24987369798477,954.5242879546938,Cotton,90.13782580696109,1757.2525452856635
Kerala,Thrissur,Red Soil,Groundnut,57.169007615124215,54.70704053656773,91.53271553872075,22.753024206537372,73.7325267692909,676.9330962634557,Groundnut,97.92274912301814,1816.7951275568248
Tamil Nadu,Madurai,Black Soil,Cotton,75.26051820932004,63.305077670067334,31.086624451529865,27.571371285492106,66.2620146767163,915.122291606622,Cotton,88.9028918070048,1923.6077033336885
Gujarat,Surat,Black Soil,Wheat,90.19503782161638,38.264070855145675,30.34300253153642,25.111132546028223,45.067054435656814,729.1594271045485,Wheat,91.81097704608435,3467.337781032983
Andhra Pradesh,Ongole,Black Soil,Cotton,70.92540580963146,61.32129850564376,40.56011685009311,33.68010251805387,59.502678271324925,767.9913381452797,Cotton,87.28123635101943,2181.9828265100477
Karnataka,Mysuru,Alluvial Soil,Sugarcane,109.65658328037372,57.019248598711684,29.12271497548526,32.750089194382745,76.19408649579027,906.8718100449264,Sugarcane,97.4064518817156,5938.232160911621
Kerala,Thrissur,Sandy Soil,Sugarcane,99.74093718692967,52.75941848059393,18.567878082931948,25.5942433500254,72.77199144452982,1326.1478401342636,Sugarcane,96.69114355808144,5383.767369499181
Maharashtra,Nashik,Red Soil,Rice,91.90207803757175,44.66855754482079,71.5653389907904,22.696073341411918,74.17811158650049,1171.8004188584116,Rice,88.56726768087506,4404.849306671131
Kerala,Thrissur,Sandy Soil,Cotton,68.95000170098497,56.32497177310869,67.14708598325234,29.248631419489243,69.5052166279738,915.8325266965189,Cotton,91.95077729865675,1851.3533615244182
Kerala,Kozhikode,Alluvial Soil,Rice,79.27235911595452,25.80242405037343,32.276136502697724,25.91637634996588,77.55947005322588,1171.8053461944842,Rice,95.25172216292916,4006.8135704091605
Maharashtra,Nashik,Red Soil,Millet,58.53778353417721,42.706108921508246,58.28860356877641,26.03156314737152,54.74941087824476,493.7478024903598,Millet,92.58941531027739,1208.7950904509921
Kerala,Palakkad,Black Soil,Cotton,69.22587192010872,51.22875890560486,39.64955528989827,28.313208274836423,54.2709913834085,863.4624892876941,Cotton,93.59297731722747,1944.509428747452
Maharashtra,Nagpur,Alluvial Soil,Groundnut,49.00911291564183,61.94290972524135,72.72462022078646,23.216302888595077,77.66601993478358,683.635973814365,Groundnut,92.4650666186878,2473.0809912978334
Kerala,Kozhikode,Sandy Soil,Wheat,111.89224922122523,49.85968274133397,59.75418713274597,16.68955521625784,45.00060137296761,642.7908830993823,Wheat,91.29988025780683,3061.098022145513
Kerala,Kozhikode,Alluvial Soil,Rice,110.32078752621949,35.967741938486746,66.11239459096433,23.761501904880248,80.48208562426656,1183.0186809348343,Rice,97.88207858046525,3961.9679524346793
Maharashtra,Nashik,Alluvial Soil,Maize,103.95681622269974,49.86301418074245,52.670152813369704,30.68989267086394,55.87262152107471,727.4564112868587,Maize,98.73793662389751,3457.533044089136
Karnataka,Bengaluru,Sandy Soil,Maize,88.61012642949399,45.926284789302805,66.96143532801928,26.058114305809568,71.74789258295152,832.212595553311,Maize,89.83229832197242,3463.126119721131
Maharashtra,Nagpur,Black Soil,Rice,81.67979530335154,38.50205793899637,43.05809926282634,24.74890583208149,76.52550063647244,834.5086636974072,Rice,92.84027282069665,3568.5097698552736
Maharashtra,Nashik,Black Soil,Groundnut,38.42564957485806,47.07444603334016,71.47837478710161,25.222449021249112,68.78555561086834,705.2444918394737,Groundnut,88.09402565200952,1920.1212066178514
Tamil Nadu,Erode,Clay Soil,Rice,75.38910629839127,30.320304716570007,48.31134330165713,25.048177944619233,87.1541278168394,1131.137564673174,Rice,85.9589331589683,4252.363294616017
Kerala,Thrissur,Alluvial Soil,Rice,74.72337269757939,43.08745265455576,75.93098812580408,29.781397676423655,88.66539542976128,1298.5628290831014,Rice,94.534875534195,3180.0655768367897
Gujarat,Ahmedabad,Clay Soil,Wheat,76.07292090551967,46.27636701415986,26.733737175843537,20.62792368423074,49.774391328552866,574.043858750817,Wheat,86.69389702705465,3586.5942627805643
Kerala,Thrissur,Alluvial Soil,Rice,81.2857275919909,25.78098990048597,56.30752223035492,25.885561662453156,72.73053123105726,1319.9611979621177,Rice,90.88075222538667,3988.5606461084485
Tamil Nadu,Madurai,Red Soil,Maize,66.63982761237327,51.85474684450647,80.83372304405493,26.126851087660363,64.92274666305272,837.2026265012007,Maize,92.69650909379797,2695.2735611862263
Karnataka,Tumkur,Red Soil,Cotton,82.57883388602512,55.68965346858139,34.57710583742472,32.5521761689232,59.13137829052981,854.7315276554817,Cotton,86.6572951519753,1751.0957737515573
Gujarat,Vadodara,Black Soil,Sugarcane,80.20572799886465,55.36924140288576,40.59609278275651,25.05822975021367,78.0604161646103,1106.565272026799,Sugarcane,94.14702342449483,4579.549453928854
Kerala,Palakkad,Red Soil,Millet,73.79360168610899,27.790651167911328,51.07837724363797,30.599621617305647,46.85496368547227,672.940569050837,Millet,89.7700044678647,1710.5682144367777
Gujarat,Surat,Black Soil,Cotton,80.0332067821638,57.72280737563648,45.04376974696699,31.42699101413141,59.42844795777309,760.2333252595726,Cotton,95.70180898455202,1579.8507890235942
Karnataka,Bengaluru,Alluvial Soil,Rice,74.19681261978754,18.67647574433986,62.92164774207477,29.180736430299135,76.61250796011699,1163.7264922043694,Rice,88.10889945343239,3964.5936894078113
Gujarat,Vadodara,Black Soil,Millet,39.58596488975768,20.058252089819433,67.99514621937716,26.48404370282897,48.87675311217836,596.8955588400577,Millet,95.99002391159681,1570.6773762976663
Kerala,Thrissur,Alluvial Soil,Rice,91.28418235705632,30.262498393556783,76.02335801498265,22.330032417476602,79.53429575166118,787.3724583590474,Rice,97.993485566764,3024.539831455283
Maharashtra,Pune,Clay Soil,Groundnut,48.44469663804283,48.42673770191426,66.97346555585841,29.327802592746696,71.77892896968277,951.7928427059676,Groundnut,91.19673487457871,1913.7323588538404
Tamil Nadu,Erode,Black Soil,Cotton,77.536211484487,57.95969222585347,48.76456879800232,33.229310756263814,75.23969698086513,742.379626930337,Cotton,93.44943659396412,2432.1291229337226
Tamil Nadu,Coimbatore,Alluvial Soil,Rice,87.02795170648857,28.608875191508645,72.51602919097431,26.761682178872157,79.89326201508133,1318.9064791499884,Rice,91.00965340131164,4132.981625905617
Karnataka,Mysuru,Black Soil,Maize,94.27394654455765,58.61836716790771,84.35931712559473,25.195008334181797,65.92866872671375,803.1589781626677,Maize,86.61818424553002,3199.071649497069
Tamil Nadu,Coimbatore,Alluvial Soil,Rice,73.56734707927953,36.77287313691116,72.52677072490874,26.284927795109798,87.21784057805338,1393.0446639645434,Rice,89.66300423236284,4415.231851461365
Kerala,Kozhikode,Sandy Soil,Maize,107.3212031104278,67.14329996753416,61.01537219616539,23.738957785583874,62.864065315842595,645.7269404048244,Maize,89.54371010415556,2569.1267956149027
Andhra Pradesh,Nellore,Black Soil,Rice,76.40643686096288,37.90426353547659,46.96706242993871,25.28984705549319,85.74863971985243,1304.3687891086574,Rice,89.46825285355318,3281.49511027895
Gujarat,Surat,Black Soil,Cotton,80.92216756725864,43.223054710074834,31.376509415315315,25.15038754187174,66.10011607658227,831.7784892966632,Cotton,88.90164911932094,2211.8734801042033
Maharashtra,Nagpur,Red Soil,Millet,78.35611486104588,39.787492479380916,61.26125393301501,29.286447562374015,49.09197340868312,332.28583373374386,Millet,96.31460919397136,1650.1825303622336
Tamil Nadu,Erode,Red Soil,Sugarcane,80.73464150518323,63.725974062460004,55.41505926597634,29.495981001327223,82.00091162717582,1477.6772247392344,Sugarcane,95.86474818784107,5711.854115153181
Gujarat,Vadodara,Black Soil,Cotton,71.9234456816034,51.525033240869284,44.93672644170441,26.167616305810576,63.41377551767299,586.577418479336,Cotton,98.52110139701988,2097.500359943623
Kerala,Kozhikode,Clay Soil,Groundnut,33.71007428201899,46.4011321715016,95.19666464809262,24.71135924756986,64.15838969269682,663.1595201968287,Groundnut,97.55053034442469,2182.685869953059
Tamil Nadu,Erode,Clay Soil,Maize,88.14922114098574,55.01164921391843,91.35136845731871,28.50503427569594,68.9707082134584,648.5085941220193,Maize,89.8691657703022,3047.0358993868986
Kerala,Kozhikode,Black Soil,Cotton,73.26297626468025,42.70932386406344,45.931193925724294,29.224826001964136,52.494476091752034,759.2222675657332,Cotton,88.94731017742917,2203.039186296166
Tamil Nadu,Madurai,Alluvial Soil,Rice,95.54236457564984,38.677682137561945,83.86166716285045,21.211434582547444,92.83475808938302,1217.7464510435266,Rice,89.46211231639323,4404.539374929828
Gujarat,Vadodara,Sandy Soil,Rice,101.18972865728651,33.332736517801976,33.70211239039037,23.23372036976938,87.5493178268058,1246.5485850556202,Rice,95.25152559194723,3750.2583619563793
Karnataka,Tumkur,Red Soil,Millet,68.92995121722353,35.89869289848596,48.23335625973423,28.623960036454918,65.43401976010415,389.8795147167608,Millet,85.89994036768833,1770.8868500369044
Karnataka,Mysuru,Alluvial Soil,Rice,103.69883930694229,38.77724086087362,25.01508324801484,28.384225989279493,81.11724413139507,1240.522771415898,Rice,87.29953803919157,3627.7254375688117
Karnataka,Bengaluru,Sandy Soil,Wheat,94.06275399176,51.046960824938864,26.80167132319699,23.372908144998668,39.5709160784702,822.0609112234077,Wheat,96.62982563981565,3624.6210562745323
Gujarat,Vadodara,Clay Soil,Sugarcane,103.09386397728701,71.5552560387751,35.34229082384102,28.088031205733365,68.2094226031264,1200.4320906342396,Sugarcane,86.6396525505426,4514.377707880042
Gujarat,Vadodara,Black Soil,Millet,57.38964107997896,28.107654248192436,25.6633045595401,25.67478101113152,46.24691344223009,539.8038878469181,Millet,97.25902542975429,1112.1210630984974
Gujarat,Surat,Alluvial Soil,Rice,106.45392113331295,35.52489619508713,53.0353075968466,24.913600776083538,81.33902948052881,1125.6961659800118,Rice,85.12230915341947,3951.5431295864223
Tamil Nadu,Erode,Sandy Soil,Groundnut,36.84326696223759,41.099179142031645,69.58182959858135,25.901914448559396,63.36315826355107,617.6157702840069,Groundnut,97.9965477543684,2036.1707295675062
Kerala,Thrissur,Alluvial Soil,Rice,96.61099612380357,21.033461393860307,37.05848444246611,25.205544903264936,82.05420584094541,1168.6237224923832,Rice,92.75775548005716,3066.938736966271
Maharashtra,Pune,Alluvial Soil,Millet,48.928537842415736,24.024981966161253,54.83222151146017,31.45150915686553,54.3776852479984,516.2116997841695,Millet,90.06794852603437,1177.2587204441256
Tamil Nadu,Madurai,Sandy Soil,Cotton,64.95714784550107,57.09657733914438,24.392318363340976,27.04927907133219,58.206839305726405,814.583237579478,Cotton,91.5931184802211,2168.9295124032446
Maharashtra,Nagpur,Black Soil,Sugarcane,85.2926473898834,50.84792923957614,34.222712805860276,29.574082427081446,74.66619121262684,1456.9563208368875,Sugarcane,95.28524295630022,4864.067490744932
Tamil Nadu,Coimbatore,Red Soil,Maize,88.1206690337425,53.7948108899876,75.14876083924607,23.894717452606912,52.40869317770112,809.2649540320251,Maize,96.70404853751548,3175.337362321264
Tamil Nadu,Salem,Sandy Soil,Wheat,95.49313589984507,56.418485902344386,48.673246983821784,17.814943273887465,52.324415540473964,744.9773149272862,Wheat,97.17001157222857,3346.4726818091654
Tamil Nadu,Madurai,Red Soil,Cotton,88.20169606574021,53.558605733138336,44.366446492932724,23.645956054504992,58.710317210845744,995.9509683385845,Cotton,95.1409792663816,2042.2375925051058
Andhra Pradesh,Guntur,Black Soil,Cotton,89.51802670273794,47.05680692039551,36.57988840146251,28.871070029871618,64.94900823721578,937.1418951353853,Cotton,86.51751973820295,1878.21494761278
Gujarat,Ahmedabad,Sandy Soil,Groundnut,25.159595708357067,44.46914005221222,56.98988045138698,24.815677906026675,71.0562415812074,646.8171839417539,Groundnut,93.55373665125236,2352.4772661384272
Kerala,Kozhikode,Clay Soil,Sugarcane,98.16347310486123,41.84153574051251,28.01649937926038,25.71009872208171,83.9344058918357,1338.5226669560857,Sugarcane,94.52366916890816,5471.5682138811035
Kerala,Palakkad,Red Soil,Sugarcane,86.74810305066033,52.908662776422496,54.55350372707372,33.00856967097412,84.28992500850609,1176.8894604306265,Sugarcane,95.2109512470061,5749.470050765446
Maharashtra,Nagpur,Black Soil,Sugarcane,73.70927392437665,49.83035282908317,39.70695450043008,32.87798036017203,85.3431100924265,1243.8552316066473,Sugarcane,89.34517672962315,5374.433318093441
Karnataka,Bengaluru,Clay Soil,Maize,104.94721863372393,56.987264992242764,72.3550456191905,22.60013587449386,59.97067752815276,830.5537792532803,Maize,87.81890736424455,2561.0408808782854
Andhra Pradesh,Ongole,Red Soil,Cotton,94.65138688013701,57.73152270008164,45.09988130869353,24.07874108371617,68.51490233362695,895.4656067322785,Cotton,89.66851202793144,2497.1059838881374
Karnataka,Mysuru,Sandy Soil,Millet,66.07509042803837,30.300211603472327,66.38595622254178,32.81160375824879,58.50083151940445,627.7109302821234,Millet,89.13350667510674,1773.1148233019355
Kerala,Thrissur,Clay Soil,Maize,76.82135687435111,51.53406222548614,78.00744270382418,28.46417810882037,71.28780652307162,668.9910152711051,Maize,90.26456724531893,3372.6521393508738
Gujarat,Surat,Black Soil,Cotton,74.81920193769045,51.6015820781557,34.16025141143152,29.285931873485918,53.19256994134215,631.7637551847818,Cotton,89.17348521438129,2000.1510885380926
Andhra Pradesh,Nellore,Black Soil,Cotton,63.11953456699716,51.47331758916678,40.77847329042051,32.46685935666591,55.783914549950325,969.5923607228519,Cotton,93.01665628124265,1555.4118128033028
Kerala,Thrissur,Clay Soil,Rice,109.93795607159865,32.97885824866516,69.31965122860663,26.510866901533618,82.55278848229327,845.0705173703616,Rice,87.96171115010505,3350.3832060502227
Kerala,Palakkad,Red Soil,Sugarcane,84.19986364239688,58.42928979354953,36.323589415049355,28.542823203369807,87.8685908359786,1207.4186929219904,Sugarcane,86.93051751497113,5603.591352008601
Maharashtra,Nagpur,Red Soil,Millet,63.486191461126566,28.345853668572097,25.472728016467993,26.80292590134446,66.53593160773656,470.949731423312,Millet,90.31583101584854,1791.7813005810171
Gujarat,Vadodara,Clay Soil,Cotton,81.60844844985965,42.48967263318972,32.93221220880548,33.09989558093362,71.15212197402796,828.6208975948274,Cotton,87.46906031208853,2390.3315157958855
Tamil Nadu,Erode,Sandy Soil,Cotton,80.0368624393374,41.456108887391046,66.48778158267353,28.130389915907585,70.78980378456923,834.6775082990754,Cotton,91.97332156503249,1864.9947702801862
Kerala,Thrissur,Red Soil,Sugarcane,96.50331531581867,64.71389086588047,19.61495549005692,31.42207621116045,83.71740941681705,905.0616594151334,Sugarcane,95.73683216807066,5775.532141336757
Andhra Pradesh,Ongole,Clay Soil,Rice,103.5790687743185,32.53613349802278,79.52711684739756,22.338689049137024,83.53077339456246,1236.4569554400066,Rice,85.54786521210349,3523.788453042498
Kerala,Kozhikode,Clay Soil,Groundnut,52.51108596759492,53.70447338486448,54.186211366841945,23.476369717183566,70.5101779151963,621.1859689292072,Groundnut,89.81705329746792,1989.5939264339456
Karnataka,Mysuru,Sandy Soil,Millet,60.01360270718017,26.741500830847656,43.206854108023634,35.0650868833659,57.467714382858276,759.2406214141963,Millet,93.04058882274398,1259.270501659076
Tamil Nadu,Coimbatore,Clay Soil,Sugarcane,88.52402809050726,56.22980013409651,44.08061458069158,29.130371266007096,76.78385676354496,1339.2099299636202,Sugarcane,91.95447287153054,5210.201742053796
Tamil Nadu,Coimbatore,Black Soil,Cotton,72.43000567583539,51.46060238714797,35.49646407181747,31.00422522847019,55.07919971666692,688.5570661924422,Cotton,90.22905869828682,2263.8220936105495
Kerala,Thrissur,Sandy Soil,Groundnut,28.35766903357349,38.99059921302655,62.472755899960696,27.696355554604658,69.39813633026402,686.6239218946031,Groundnut,85.98686614352637,2012.5605716372208
Karnataka,Tumkur,Sandy Soil,Rice,64.62527373765323,26.474437650611915,52.53346632076772,26.550741389536,76.03414623173788,893.9934039949366,Rice,93.63286397729618,4014.9408836281773
Tamil Nadu,Coimbatore,Sandy Soil,Wheat,112.31487101456307,52.21957653409389,38.39773000470538,17.861411616559838,38.27488610523972,620.6359334451538,Wheat,97.04397446362447,2889.6822256443998
Karnataka,Mysuru,Alluvial Soil,Rice,107.30751136565151,29.423966849867377,57.09348805407621,20.964823923859086,80.23883727782022,1023.9217062810046,Rice,87.13561825958219,3723.1314039572017
Kerala,Kozhikode,Alluvial Soil,Millet,74.5590482540118,37.704221602477006,56.737008355315865,27.684175126374104,62.34074455347005,464.15685473504396,Millet,97.88662746924933,1221.191424208753
Tamil Nadu,Coimbatore,Black Soil,Cotton,69.48354212582188,56.90272762002768,60.95732646088453,29.667129799444936,50.13632368666483,1041.2677523439286,Cotton,92.64256740810002,1912.9152822034941
Maharashtra,Nagpur,Clay Soil,Millet,47.50205901720357,38.243866397728674,51.46013708166964,31.441395499658363,43.71987454520304,389.8922196731738,Millet,85.11241578271073,1716.7622724818061
Kerala,Thrissur,Alluvial Soil,Maize,116.55401050071532,57.38138255988813,92.56635226063983,27.874739019935316,67.52692491452984,556.7549697785194,Maize,98.64314930358107,2821.0226961771714
Gujarat,Vadodara,Red Soil,Millet,69.42063776930455,39.244156854337035,56.029046198739266,28.41248475939299,64.88226397071097,513.591276610851,Millet,90.9582180984279,1576.7306149878793
Gujarat,Surat,Sandy Soil,Sugarcane,78.71279839446201,53.5508001292052,47.4337358840464,29.427173739944713,84.67192761976162,1244.7792820779744,Sugarcane,96.10035449803505,5928.245033767445
Gujarat,Surat,Red Soil,Millet,69.87847469219304,29.558587389947515,50.234594137085814,29.63737920158672,61.726993872873024,465.7830623895508,Millet,92.05245837551001,1113.6188488159391
Karnataka,Bengaluru,Clay Soil,Cotton,75.40723814893151,67.80183214770204,61.19452801884552,32.92007585905766,62.597685363716536,615.111355200954,Cotton,93.85392389390563,2004.4010838529593
Tamil Nadu,Salem,Clay Soil,Millet,51.67198457315062,40.51795465499262,64.95406623952404,32.22037661462738,69.29653068512428,797.7523945952639,Millet,96.72582157376715,1768.4262372371645
Kerala,Thrissur,Red Soil,Millet,62.50827857406185,29.504787389365397,54.37471109984543,29.113483053344478,55.37750432238032,489.6062303923038,Millet,95.29734192375281,1579.85410542271
Maharashtra,Nashik,Black Soil,Cotton,70.94485099345408,56.19669404627422,68.22511439252611,30.452726388095613,64.76073089468828,728.5051764611723,Cotton,85.5360702889841,1564.0820871499377
Gujarat,Surat,Black Soil,Cotton,63.207846057598275,58.080767230287236,46.58514242494419,32.0621465610093,76.63690731172699,893.1367364412779,Cotton,95.94097382328376,2256.423906218306
Karnataka,Bengaluru,Clay Soil,Sugarcane,78.62597994384225,49.81179683395827,54.20990245901893,31.644492750248723,87.45820532604787,1102.3548795376664,Sugarcane,95.60256108964933,5864.75780524878
Tamil Nadu,Madurai,Alluvial Soil,Millet,66.76855670434661,25.282644539512354,51.00446687223156,25.830683540659134,54.85797539557281,488.8161244667714,Millet,91.16722758106185,1036.0369719461685
Maharashtra,Nagpur,Clay Soil,Millet,79.51451927966124,19.842701807391183,45.05704356418774,27.170457727495652,61.200010640256494,313.4554640752806,Millet,95.34375770739992,1410.5001756948068
Tamil Nadu,Madurai,Red Soil,Cotton,65.86806308026925,51.54992836084017,53.06144464638962,26.596215085678068,53.837270640666915,910.8898953456621,Cotton,98.42061364738625,1528.7042745679034
Maharashtra,Pune,Black Soil,Cotton,69.05847350248429,68.43686892855713,68.78444282092892,27.385443576256954,67.4833097435631,866.3271632680046,Cotton,93.97500551158545,2378.05905849563
Andhra Pradesh,Ongole,Clay Soil,Groundnut,55.141710641202366,52.57075797959517,74.68003975153349,30.693668098161965,58.62123598278302,702.7058805898582,Groundnut,86.07602058251993,2295.4184040125947
Maharashtra,Nashik,Red Soil,Wheat,95.23853717403173,41.604896692163344,39.70511495391856,17.96697426848601,53.97016653511394,721.265675515559,Wheat,91.95738940809419,3723.423085868186
Kerala,Palakkad,Black Soil,Millet,41.42161809180668,37.14188684768521,74.43570888205514,24.442618354430273,48.61992133959967,665.5127257303672,Millet,88.86872311089414,1142.4824868534952
Tamil Nadu,Erode,Black Soil,Cotton,84.1819511302534,43.50961571886347,34.15627224088867,30.581070031492516,73.27501027192547,674.1437476722358,Cotton,88.39748598914939,1507.060020091151
Gujarat,Ahmedabad,Clay Soil,Millet,50.25685158188883,26.309820868041562,58.74178354405676,32.30561379431904,54.20652838745541,510.2835126083364,Millet,88.94612546528056,1269.3657500690906
Karnataka,Tumkur,Black Soil,Sugarcane,82.2462580925636,55.57648503061422,34.62717659961904,31.225550645188235,87.30363939546288,1094.2469014497485,Sugarcane,93.61208453966997,5934.936198098497
Kerala,Palakkad,Alluvial Soil,Rice,115.10666637559936,20.525671330672118,55.49284345590728,25.43170858127236,86.83652032360692,958.2752620111346,Rice,90.62334582370403,3799.8316940719046
Andhra Pradesh,Nellore,Black Soil,Cotton,78.95073668275529,56.79876950469027,37.55606148674586,32.04576693891523,56.699611922589376,729.2458607872724,Cotton,96.2651325673865,2377.2171632246514
Kerala,Palakkad,Sandy Soil,Sugarcane,106.51625163023581,47.35289752265842,37.62640147021666,31.72658781750947,83.64786597581048,1246.8842172175284,Sugarcane,87.53306627336038,5169.193524208858
Kerala,Palakkad,Red Soil,Sugarcane,105.54159158664778,57.49761228552464,43.74173080825517,27.15855557882504,84.38159402472637,1576.8088837961604,Sugarcane,90.82442444340953,5386.741433306173
Tamil Nadu,Madurai,Black Soil,Groundnut,30.18774438575918,41.09138006349317,61.89884891677028,23.150645597150664,64.81281464082976,800.453879695867,Groundnut,94.80017316842422,2055.56694211562
Maharashtra,Nashik,Sandy Soil,Wheat,96.82344334720368,50.49096359283272,49.48368433810299,20.795483871435316,47.034386447167975,570.8670444628976,Wheat,88.49558500695771,3639.7449688871657
Karnataka,Tumkur,Clay Soil,Cotton,76.02627708908383,59.905374648871955,59.89649018652255,29.36804393395077,51.55200655990017,830.5587318770822,Cotton,96.62952187629608,2006.220580382681
Andhra Pradesh,Nellore,Red Soil,Millet,39.09301269524278,18.696839991076747,36.112076236729706,32.117311329644224,59.07810457822129,340.4949661808146,Millet,90.53465243467676,1353.0041620553397
Kerala,Palakkad,Clay Soil,Millet,41.49014962426119,27.963839443445202,49.6423283307745,24.616619650409298,66.31450992538075,771.6119833057048,Millet,88.56022362695104,1595.5477190146337
Maharashtra,Nagpur,Clay Soil,Maize,105.05778591943636,37.84987528142817,68.17344034980002,28.08731882482877,66.76940290186258,642.4405354578598,Maize,98.38076521726258,3315.0144800243907
Kerala,Kozhikode,Clay Soil,Groundnut,54.5550000957401,39.25841034891378,66.82063941176226,28.05737698388881,75.51018067204646,481.94142208289884,Groundnut,93.77655015532112,2402.0318687621525
Andhra Pradesh,Guntur,Black Soil,Cotton,87.75195942512686,47.788944102871405,41.049416181264654,31.392328446787566,63.069592220407245,830.4635242320646,Cotton,94.58310040547538,2028.1431791386701
Maharashtra,Nashik,Sandy Soil,Sugarcane,111.88116366045851,52.14124487059833,54.33250992871546,30.158247725232066,84.89584991844578,1396.7545891669674,Sugarcane,90.26290604666266,5260.959724485168
Karnataka,Mysuru,Red Soil,Cotton,71.73845881076322,51.173352603613814,22.633288857505462,28.33456172695774,52.79623635259367,853.3299163623612,Cotton,87.64132913955231,1631.1458338536545
Gujarat,Vadodara,Black Soil,Groundnut,33.139550847328024,40.8794662121547,87.13930415291249,21.9756543746199,63.94074014128158,783.6736033538393,Groundnut,97.14563739877664,1861.3598506900262
Kerala,Palakkad,Red Soil,Rice,73.88829810603531,44.8312212475438,43.14556130512348,20.94455234453131,79.23889659295823,1203.2891729134449,Rice,88.36361999263487,3439.746699730938
Karnataka,Bengaluru,Black Soil,Cotton,60.22772446066168,56.0798861707777,28.473119795684863,32.11040746290543,73.06286439269022,853.7549354538285,Cotton,86.5589429051702,1833.8641314404874
Gujarat,Vadodara,Clay Soil,Cotton,66.92802047403657,54.42986149245337,34.78805559679249,32.08572089709912,52.17544253363533,770.2469934266322,Cotton,95.91553987429057,1743.1621220805212
Karnataka,Mysuru,Red Soil,Rice,87.25607634669811,42.037467705770894,85.57600841477725,25.78046653867389,75.08053901358815,1006.7749332248926,Rice,92.85642139535729,3515.332863721444
Andhra Pradesh,Ongole,Red Soil,Sugarcane,94.88281645698291,58.88413874564652,56.536631198342604,31.526868065167776,81.8651026763616,1328.2679285470106,Sugarcane,97.35972135212602,4937.528342462546
Kerala,Kozhikode,Black Soil,Cotton,73.96915916921147,51.12191763913145,58.06805283768014,31.704541787429918,57.118223800839516,682.9695661656123,Cotton,93.53365282405333,1865.1100298790368
Gujarat,Vadodara,Alluvial Soil,Sugarcane,90.47186335517976,66.83803818459843,51.2254992049629,28.674418486093224,76.77213342812797,972.9510569842596,Sugarcane,91.58435680274468,5907.740754123979
Andhra Pradesh,Nellore,Black Soil,Cotton,78.35769225417552,59.16880235949715,29.730655029876765,28.78843998079612,55.46328820357774,783.5239625339601,Cotton,90.98210439938585,2068.7723372484274
Andhra Pradesh,Nellore,Clay Soil,Wheat,79.960419170967,54.9423833748961,49.03379460581288,21.679978741793235,49.23465551960228,419.9357144862629,Wheat,89.21275914681529,3187.1734062025153
Gujarat,Ahmedabad,Clay Soil,Sugarcane,88.76732522417183,56.92660268495461,52.486626671510244,27.576765048507596,84.38461421855003,1430.8088459048706,Sugarcane,93.22673586129964,5423.308072451714
Tamil Nadu,Coimbatore,Red Soil,Sugarcane,94.45826521333164,53.519032503524386,45.66828623672731,31.955224216213704,82.5152757894342,1259.7532281410272,Sugarcane,98.89992610884933,5888.560536974691
Tamil Nadu,Erode,Alluvial Soil,Maize,73.59997279713878,36.106388533109005,83.45383655422012,24.840222924435814,58.14537636512827,641.2317863453604,Maize,93.50044087979109,3457.9660252590847
Tamil Nadu,Erode,Red Soil,Wheat,112.53451575750717,44.610351659600404,19.22706638073504,15.801237315698259,57.345897604946956,667.9724094959722,Wheat,92.6065029855158,3366.8116927300935
Andhra Pradesh,Guntur,Clay Soil,Maize,77.99302785865422,46.43958871816312,75.54918737042384,22.46491689364714,57.868709073853786,690.22954452499,Maize,98.0688003863671,2910.8033823449227
Karnataka,Mysuru,Sandy Soil,Maize,78.11112814970744,54.37838755923879,64.46492745379824,23.33149268558086,66.7563766965257,1024.0993415717082,Maize,86.45949317594888,2611.054504285843
Gujarat,Surat,Clay Soil,Rice,91.9815639920636,28.622331120215087,36.03142306651483,25.290838115327936,86.17751122776201,1171.0188012546134,Rice,96.24896919283105,3020.7208311911263
Gujarat,Vadodara,Clay Soil,Rice,91.5248091246727,35.4749360114147,50.17596098714139,26.720997372474116,82.70510579942984,944.155974690007,Rice,95.6952246721682,4000.730664483354
Tamil Nadu,Erode,Alluvial Soil,Groundnut,56.570942992640674,41.752208055617956,62.550672949793224,23.53546991377356,61.566364609563905,560.6571052398972,Groundnut,97.74946516408795,1522.583580369438
Kerala,Thrissur,Sandy Soil,Millet,52.254328261710775,40.257049827220065,43.44375839291375,31.602006025419527,64.36641471524847,325.4224609954123,Millet,91.1923037709133,1602.2674749417176
Karnataka,Bengaluru,Alluvial Soil,Rice,75.13483922725425,40.05908079132391,69.45957112872242,24.027976301629884,86.08122403564079,1318.8996897140719,Rice,92.79361721908262,3028.541443523166
Andhra Pradesh,Guntur,Red Soil,Sugarcane,101.37308359940693,73.40733954264807,37.15403855979844,31.284131838139274,80.3096175468045,1351.4095349181707,Sugarcane,90.73986353232809,5210.471987369998
Maharashtra,Pune,Red Soil,Maize,101.27644822854523,49.58833854261843,90.16459928831404,26.39519451399823,70.73501833730921,805.1127080748336,Maize,85.64227258496794,2557.4766766633998
Gujarat,Ahmedabad,Sandy Soil,Sugarcane,103.06731366761204,61.9445140462469,49.24138683684659,29.628473459179236,73.60335051614248,1242.6394468928952,Sugarcane,92.91729010152241,5148.9084178511885
Kerala,Kozhikode,Alluvial Soil,Rice,81.81602052493668,38.581484148721714,63.13310180944852,25.4609145967693,87.49750400014209,1242.1774618935244,Rice,95.16544974450115,4329.679671227578
Kerala,Palakkad,Clay Soil,Rice,83.01094748974604,24.771352511697472,41.286003823907116,21.06552464187076,74.59951960303974,999.6697819110179,Rice,93.01950805168356,4141.264300558731
Kerala,Kozhikode,Sandy Soil,Groundnut,38.86108620248227,61.522535096249214,86.21046334858087,22.952065685112842,70.87832348657129,827.598006157325,Groundnut,90.03140891645802,2402.1230577846177
Tamil Nadu,Salem,Black Soil,Cotton,82.46318146639423,60.549720258966474,47.11877926953695,29.851130708699245,73.68583571101777,837.3349373918885,Cotton,91.97898827444351,2039.7910115614409
Karnataka,Bengaluru,Clay Soil,Groundnut,47.289339126387496,53.81390590064876,74.01706635701282,23.735782049022994,63.53677950136304,500.87923248234034,Groundnut,96.82865235273003,1686.9528163033074
Karnataka,Bengaluru,Black Soil,Cotton,80.00610270590145,41.34683900631372,61.58791662547508,32.80148768445612,65.1601110425321,991.142775092809,Cotton,95.28418411182396,2485.468730027086
Karnataka,Tumkur,Alluvial Soil,Sugarcane,95.92781073135978,63.19050592058714,26.290458854137306,31.373487467691604,82.03942646743177,1282.768173890669,Sugarcane,94.46831541505213,5714.639840822583
Gujarat,Vadodara,Sandy Soil,Maize,83.55299691014224,58.96625414220475,68.53736346134554,25.152897771529474,59.35934644080333,900.5917106741706,Maize,96.52107984351511,3004.951558673733
Karnataka,Mysuru,Sandy Soil,Wheat,110.63031892640639,44.57006145002374,28.712609861103132,16.964284977009534,50.55256025684584,709.0655333356879,Wheat,88.16042080344545,3525.0228501924544
Karnataka,Tumkur,Sandy Soil,Sugarcane,86.53021929734496,62.40435673067953,47.716409402123126,31.407544529838056,73.98793659943378,1238.0056655240135,Sugarcane,87.79294511885418,4898.938890569781
Andhra Pradesh,Nellore,Alluvial Soil,Maize,88.94973411034638,58.53379931649881,91.89561318041336,28.292385642438884,61.138560590139804,610.9064115617889,Maize,88.92589151184316,3318.234582964886
Tamil Nadu,Madurai,Clay Soil,Rice,95.64269877734063,27.785970472845577,47.0859612818149,26.471152376309846,87.04416939093267,1235.331022500134,Rice,97.5829078505263,3243.7556987151947
Gujarat,Ahmedabad,Black Soil,Cotton,86.6256588621449,60.66490097010767,55.98301530680276,28.63906142631585,77.37308649650026,993.7249610624281,Cotton,90.63304952199104,2480.6163057333206
Karnataka,Tumkur,Red Soil,Millet,47.41713031784511,24.107144908352442,18.255516177755606,23.36516857610471,68.22629969220647,769.5831183925172,Millet,91.34591490572969,1061.961023220986
Kerala,Kozhikode,Alluvial Soil,Rice,109.01476480567838,37.69718782950109,69.06175393063825,24.15295312946763,79.92267501498014,1122.5412970557736,Rice,87.46002069162755,3461.3256350480137
Andhra Pradesh,Guntur,Alluvial Soil,Rice,82.82370509419177,28.47788483438157,74.28650194902671,26.461805126775552,85.87179371732135,1087.3393358847045,Rice,91.35253548672617,3773.326607166329
Tamil Nadu,Coimbatore,Clay Soil,Millet,47.77275464982651,30.762308074137252,65.56597511037745,28.13175651852981,62.60395900632778,672.2030364837162,Millet,87.22885399653131,1645.0056557506603
Maharashtra,Nashik,Black Soil,Millet,36.46175721867089,36.78161316128954,67.32818208584897,24.21135147978937,58.051427153907184,683.3642622949825,Millet,97.07268410601739,1362.217551563961
Karnataka,Tumkur,Black Soil,Groundnut,44.34006908716288,57.14622172416882,67.0035367054941,22.895242070222515,79.0113066517674,562.6806857004007,Groundnut,97.05230398747953,1752.7164160093103
Tamil Nadu,Madurai,Red Soil,Millet,64.94854551607574,27.073716348896085,43.98968697223304,34.00273267454307,62.23754806328467,351.75220310121125,Millet,88.23690381444072,1292.3053888989932
Gujarat,Vadodara,Black Soil,Groundnut,33.843844939114945,48.0160928298964,64.72505291995014,23.911187362441726,65.91196925003817,655.2512766445832,Groundnut,91.48734494332984,1615.8246890712278
Tamil Nadu,Erode,Alluvial Soil,Millet,64.22415580406378,22.724155388030127,68.73300028127821,29.226666949441,58.97758393880332,383.9674156619924,Millet,90.25568629898979,1707.9227182232173
Tamil Nadu,Salem,Red Soil,Rice,105.91743698257334,27.76194664681934,41.605781806583295,25.72901185944658,73.24203778647816,1231.0302636908616,Rice,85.05541975806713,4079.756192073878
Andhra Pradesh,Nellore,Clay Soil,Sugarcane,111.07578482313056,60.16387806142009,45.44912147298746,28.043953078378088,79.60768252766168,1163.9992152587245,Sugarcane,95.74533816307887,5570.4832789323345
Kerala,Palakkad,Sandy Soil,Groundnut,49.899436157096034,50.8411993437518,80.73029613214166,23.401189683005676,75.22321074471007,535.2955683975738,Groundnut,87.59110482804692,2487.723619103122
Kerala,Kozhikode,Black Soil,Cotton,67.04328900173394,54.68120065243281,39.68889071337975,24.18050785214493,68.27570950880055,590.8429688481297,Cotton,87.49239026040267,2169.124273075247
Tamil Nadu,Erode,Clay Soil,Sugarcane,102.23200432041584,65.69394874086936,45.15379615569334,23.855134067467304,85.83371432818669,841.7631007131986,Sugarcane,97.67482267016827,5705.351497926052
Kerala,Kozhikode,Clay Soil,Rice,107.49899198894687,41.79447589299576,39.37286066600895,24.453963540226205,69.41044762236109,1344.0282757705656,Rice,96.86577232297657,4489.467627548288
Karnataka,Tumkur,Red Soil,Groundnut,57.813400539360785,47.46858750236455,83.07862841725195,23.18640904592297,70.05572350309447,762.9376248656635,Groundnut,95.75963865119199,2317.56671831692
Gujarat,Ahmedabad,Sandy Soil,Maize,95.55279001623975,50.87930208727927,89.62903880782991,28.931355950345356,60.74787341941867,869.9191986149626,Maize,95.35047837650333,3404.365043926478
Gujarat,Surat,Sandy Soil,Cotton,61.544066709597885,42.40852350134944,22.18155317981061,25.73377617642981,60.528676774033826,704.7189304142314,Cotton,92.77505097439847,2262.6820130397023
Karnataka,Bengaluru,Sandy Soil,Cotton,67.19220145061625,71.62377895513823,69.37681719389276,29.09011893945935,54.0268362067717,663.0329121588408,Cotton,87.24082680766054,2179.6774955789288
Andhra Pradesh,Guntur,Alluvial Soil,Sugarcane,92.92685393630556,51.83210988417278,10.90430885214516,27.761275860660504,79.04565466995501,1093.1495463127062,Sugarcane,93.31594514546859,5367.840628895498
Kerala,Kozhikode,Alluvial Soil,Rice,100.57502035927237,42.07694927998614,35.133065459372624,23.68512926016762,81.1779786957241,1369.181494701726,Rice,88.9921973077324,3741.1168573480036
Kerala,Kozhikode,Red Soil,Rice,91.15494901271332,36.30077672707702,37.742987292053144,23.460363999234822,86.1291380997258,1189.5328625613076,Rice,92.57616140652017,3817.9384309791044
Andhra Pradesh,Nellore,Clay Soil,Rice,73.89114421550138,40.28291054437024,59.70599023210606,25.54160271713162,78.3602793559358,1373.3853868608262,Rice,93.8687015494011,3160.917970738063
Maharashtra,Nashik,Black Soil,Cotton,68.52496768347675,53.32785261294521,48.9901690340541,23.835472310772015,71.54312512456164,753.5189256688133,Cotton,87.91758207684589,1948.4369790770156
Maharashtra,Pune,Red Soil,Wheat,96.86024004954068,39.17169092148176,45.903613184829766,22.76469821938234,47.97091586090954,556.5201814293047,Wheat,93.91668057924649,3617.186975732862
Andhra Pradesh,Guntur,Alluvial Soil,Cotton,55.723545754493756,54.29040056415438,48.36226487955235,31.483433587495995,59.47740828727234,763.8309388594624,Cotton,87.80349149673737,1977.0448668553165
Maharashtra,Nagpur,Sandy Soil,Rice,95.55982623887007,30.11893736979331,58.42728987803345,21.364521482006445,72.74939621053468,1216.95430826974,Rice,90.14672529566118,4212.467119537235
Tamil Nadu,Erode,Clay Soil,Sugarcane,79.48768055581749,43.17172758815957,37.52119298036588,28.598508081140984,69.11100724403153,1535.9260514608109,Sugarcane,91.78159934573682,5649.862438140809
Kerala,Palakkad,Sandy Soil,Wheat,98.72771879096359,52.219807406651846,32.84943055347224,20.786980377527826,50.887715541587404,535.5673293265381,Wheat,87.37042456753296,3487.185710316758
Karnataka,Mysuru,Clay Soil,Sugarcane,116.71551623888351,67.44110701080196,44.663649156938185,32.30475802951011,85.32832475736716,1380.8522846139313,Sugarcane,92.45597397449114,4747.901480410032
Andhra Pradesh,Guntur,Black Soil,Cotton,66.52226504659865,53.23058232268119,54.60611293742571,29.876126675773968,61.4522924966864,808.2345186819666,Cotton,92.84110321077287,2306.4023699676754
Andhra Pradesh,Ongole,Sandy Soil,Sugarcane,91.17913625372114,42.06042984033621,31.464520419473683,28.26475761199663,78.56340826055019,1251.417660035465,Sugarcane,94.94966630080309,4740.429385147839
Kerala,Palakkad,Sandy Soil,Sugarcane,102.96350976801452,61.14156176786886,26.96952435396574,31.21726737702722,74.33042062682433,1458.101857918948,Sugarcane,91.27307999083615,5913.6123667675865
Tamil Nadu,Madurai,Alluvial Soil,Maize,83.79995508700274,57.7191469659555,75.38590718686436,22.57996074642597,73.37789921198333,766.3221578252117,Maize,91.35739305694702,3089.7700323709255
Gujarat,Vadodara,Red Soil,Millet,53.96031798025121,34.22239972016843,39.91110067821834,31.27214774570183,49.156452016134196,423.9006433820801,Millet,90.68308675021385,1448.1299096380756
Andhra Pradesh,Ongole,Sandy Soil,Rice,84.81840949831869,30.258888663441994,57.31523071007408,28.14010533194457,76.72145182875462,1427.1588359413413,Rice,93.43225112722216,3443.2097213525535
Karnataka,Bengaluru,Alluvial Soil,Rice,90.59390603530078,29.978383395926897,72.49257267866577,25.422402709677385,80.81816889747782,1041.314047079824,Rice,96.65085918511522,3795.1378246027184
Gujarat,Surat,Black Soil,Cotton,66.98246996383358,64.82551660853852,67.89363844038427,27.7360827928375,60.049881332732525,715.2609092553237,Cotton,88.81410725596714,1634.6842901136806
Tamil Nadu,Coimbatore,Black Soil,Sugarcane,82.83173534894878,60.4691281299537,18.88573962920288,30.60330841419526,77.30992383571555,1181.061516978796,Sugarcane,94.53235688468222,5133.136118296529
Maharashtra,Nagpur,Red Soil,Maize,68.3017734662215,64.00945244775683,98.64015481947587,24.37276822595322,62.57029511865235,831.8386400222961,Maize,86.75845987855052,3108.5196154541795
Gujarat,Surat,Black Soil,Groundnut,29.269698348288244,44.85797308454374,89.94858759776132,25.615457797525863,57.016438384471215,906.533730869982,Groundnut,89.01817645884992,1792.1116141846157
Tamil Nadu,Salem,Sandy Soil,Sugarcane,95.55359214458069,74.06392312928304,53.792262016230836,30.9714139796364,81.82450859773571,1344.3882469604919,Sugarcane,91.71693778827864,5423.268446493047
Kerala,Palakkad,Red Soil,Sugarcane,106.68073563853665,57.181746292643105,35.304927672998055,31.093543861370392,87.05874096832693,1209.410349332406,Sugarcane,85.52140596110132,4772.07627693383
Maharashtra,Nashik,Clay Soil,Millet,68.94684899394849,30.64051023828494,40.82652923870021,33.609904736039496,55.084941582710925,397.0427170024195,Millet,86.89645721850147,1045.4016870105115
Gujarat,Vadodara,Clay Soil,Sugarcane,112.85611112314388,43.31544324732318,26.67644774352489,32.696461057018226,81.66748223440074,1245.6416789231027,Sugarcane,87.39264620438482,5143.400464089037
Gujarat,Ahmedabad,Alluvial Soil,Millet,45.16832017560505,25.683481577051978,64.09870583250616,34.077596317016805,53.19180170376202,363.6229753873681,Millet,85.94554609255421,1293.2934484526495
Kerala,Kozhikode,Clay Soil,Millet,71.25238302815643,30.37627038229789,38.98593804785165,27.44261679384887,44.820452628356115,449.0138191808972,Millet,89.20185100516287,1052.3492915302904
Maharashtra,Pune,Red Soil,Groundnut,43.56850473933267,31.46406478432052,102.39209703277463,24.4632937890269,63.440547537760445,794.6281059065681,Groundnut,93.10800025053831,1621.8591250768104
Gujarat,Surat,Red Soil,Sugarcane,88.46526496545393,64.51022984294562,24.91628407760138,26.9073384229323,89.19308802404005,1184.5071793669408,Sugarcane,87.00851717518883,4524.914112056802
Tamil Nadu,Salem,Black Soil,Cotton,76.03834868876913,52.01412858602068,36.57091359934121,27.440274777532284,59.70058984905823,685.197877722001,Cotton,93.07330302423838,1666.712962588444
Karnataka,Bengaluru,Clay Soil,Rice,67.26951493491421,30.218175855257947,43.329746997125426,21.21137227727727,90.88550818431122,1213.6793534860349,Rice,91.61822317928475,3738.766985446789
Kerala,Palakkad,Sandy Soil,Sugarcane,94.96059940148635,62.50544026487267,34.96667292862542,28.2662018356594,77.02693111401925,1249.9586338844967,Sugarcane,96.93600304859966,4615.505421622571
Maharashtra,Nashik,Sandy Soil,Groundnut,45.8840723420673,54.14589053902324,88.8676463406307,25.826643017364745,62.43434220993153,649.5442768094813,Groundnut,91.08511918257541,1877.7477989526249
Gujarat,Ahmedabad,Alluvial Soil,Cotton,81.19465804379331,67.51956069894054,19.627555710693148,28.985066590476414,66.04378772484449,775.429354162328,Cotton,95.60949005836807,1983.3496255913194
Karnataka,Tumkur,Red Soil,Sugarcane,106.91621081657041,58.40691195953295,31.073523427092184,30.49852296337446,79.41910489824447,1348.3692514519626,Sugarcane,92.42093938001095,4658.7739847753255
Maharashtra,Nashik,Alluvial Soil,Rice,88.15440360444406,28.51531702200362,50.31439095697962,21.387945449026148,78.6104336995973,1092.4888857456688,Rice,91.16685849080113,4090.1533652280928
Karnataka,Bengaluru,Red Soil,Groundnut,41.7403775080753,54.67758771066694,54.303616213219314,26.730973156782326,65.73759275677878,553.7827651984952,Groundnut,96.13815971418794,1742.5176782378353
Andhra Pradesh,Ongole,Clay Soil,Groundnut,54.99463559106746,59.82096116834254,65.24100789953405,26.822040584237524,67.28938186228906,796.1830087024548,Groundnut,91.97092785098646,2202.8832678025074
Gujarat,Ahmedabad,Red Soil,Sugarcane,79.14591581722365,47.79863072362782,26.198489774155206,28.38079557425744,88.55002584349661,1488.5470554306305,Sugarcane,92.6904095477928,5075.4332572787125
Tamil Nadu,Madurai,Clay Soil,Maize,78.2031152341092,62.666822654897445,81.13322489579201,23.848535818393685,60.91223553678664,901.9998374842302,Maize,91.99685333079147,2958.350272859318
Gujarat,Vadodara,Black Soil,Groundnut,29.02318241523377,68.22159588515868,80.49263970575154,20.1017934969752,72.59671388882754,793.7905641255601,Groundnut,89.5615692931422,2027.3498385001287
Maharashtra,Nashik,Clay Soil,Rice,95.47031737340532,39.242444012475914,69.519276558331,22.751736360986957,83.23049461856581,971.0365938255918,Rice,98.37522189595343,3927.767316694722
Gujarat,Ahmedabad,Red Soil,Maize,83.6216034769388,60.88238897308477,94.69529015574216,28.12305260886457,65.07123276335338,758.9903461854456,Maize,96.36395299115645,3068.1886473844925
Kerala,Palakkad,Black Soil,Cotton,87.87778093085879,49.939080479251736,67.33799971309585,26.19716589310512,62.27284789327943,947.2309211535285,Cotton,90.07297780285656,1698.9973199747035
Kerala,Kozhikode,Red Soil,Millet,80.88685940555214,20.352200838355277,41.2383268906062,28.218129423903193,53.76942463030496,642.473062506042,Millet,93.27093225745931,1769.4053152111885
Andhra Pradesh,Ongole,Clay Soil,Sugarcane,74.47236407634047,50.346369797150366,11.833950274002952,27.126899693177727,72.4461433383697,1502.5048871219296,Sugarcane,91.94800955340146,4701.363846289268
Kerala,Kozhikode,Red Soil,Millet,37.53457920680857,22.847541133818865,66.1203714337586,31.89000458625906,59.275711709771,328.6203611084255,Millet,93.60822096072452,1345.805034976417
Karnataka,Bengaluru,Sandy Soil,Sugarcane,81.0409233491771,61.33141236844095,37.53280643004868,29.92142819332806,79.15073493361601,796.5228382010184,Sugarcane,87.59426312728012,4735.005993985437
Maharashtra,Pune,Alluvial Soil,Rice,88.30574674439465,46.45098158530655,47.970203707653695,25.226930562745906,88.07038175940531,1181.4281218198432,Rice,96.77365675568541,3542.694283927705
Andhra Pradesh,Ongole,Clay Soil,Cotton,70.90764538241204,67.9507426935809,25.22160708864475,28.959909686931603,56.71311508946161,616.3694811386,Cotton,90.00214381416009,1736.0564605303225
Kerala,Thrissur,Red Soil,Millet,59.948246447401644,32.522180189198565,30.5288647500536,26.40252670329987,55.40329190821278,416.7571716517449,Millet,95.49316364518752,1470.4717731987266
Tamil Nadu,Erode,Clay Soil,Rice,77.11318681162393,37.660847339555865,38.72161411511968,24.097231220035948,77.15502480763593,858.2637060904528,Rice,92.04143691573427,3409.8808124559023
Tamil Nadu,Salem,Alluvial Soil,Rice,72.89171249552584,24.972870410411087,33.09449712990312,24.154917388048865,83.4217329784959,1079.2975216641028,Rice,97.73592566829647,4175.853261194138
Karnataka,Mysuru,Alluvial Soil,Rice,84.76984506672225,36.50474218107088,46.58241902362539,23.52766770404995,79.00130476313102,1243.139221258038,Rice,96.81500336057123,4061.2002849377604
Karnataka,Tumkur,Black Soil,Maize,82.98704321881222,47.70492623792773,83.73839728572588,25.759212635853245,55.4184494766408,718.6978726874098,Maize,87.50922413149789,2746.3565686698553
Maharashtra,Nagpur,Black Soil,Cotton,67.8534462413439,56.447808592586,62.18668506097869,27.52582402841888,62.377834733033396,718.111046156305,Cotton,92.7333142792896,2407.89498057563
Tamil Nadu,Coimbatore,Clay Soil,Sugarcane,83.37373754268957,52.83227839859428,18.49196072574434,26.549442553153234,76.29204441003768,1180.1593779939171,Sugarcane,93.51763267468799,5401.372082993437
Andhra Pradesh,Guntur,Sandy Soil,Sugarcane,105.24605983089998,62.205598811854614,63.257702619841645,27.48451737827974,78.50468137606876,1465.952492965786,Sugarcane,92.57331706606502,4562.358839059104
Gujarat,Surat,Sandy Soil,Groundnut,31.14501547472132,64.14342222816917,47.068895256529686,26.689486836603354,73.02259484711382,548.5295035994503,Groundnut,89.55607165278619,1693.4060679487534
Gujarat,Surat,Clay Soil,Sugarcane,98.55318286424774,62.18271692832984,45.71382897012417,25.873216825624198,77.55842008921209,1316.9560663203786,Sugarcane,91.87742181730275,4813.928233396515
Gujarat,Vadodara,Red Soil,Sugarcane,99.60707282307365,62.45996864195817,30.992911360127138,27.48372959902612,80.23429287810714,1259.439390572617,Sugarcane,87.92723189606276,5095.630915022436
Kerala,Kozhikode,Black Soil,Cotton,84.21879577870449,47.953316446866324,21.775894127545243,28.192375263710527,57.36195360288669,895.4571244379231,Cotton,88.42540788097907,1983.9625433878336
Tamil Nadu,Erode,Clay Soil,Wheat,108.81966316058018,49.01188455537858,49.75871693244803,17.028213544120863,57.712509832781976,665.622410644231,Wheat,87.24938479690695,3442.625843259516
Gujarat,Ahmedabad,Alluvial Soil,Rice,72.71248370711973,39.96584080015701,32.334531296086546,22.32456818138465,78.8491236125293,1231.6977421534943,Rice,88.81707519403433,3551.353443363923
Kerala,Thrissur,Black Soil,Cotton,63.816809106409735,53.771440451825136,63.42087925351268,29.184666820527703,63.50125149551985,809.7524850879138,Cotton,90.31567395322791,2339.207863316706
Gujarat,Surat,Clay Soil,Sugarcane,87.3240148810178,69.78964673402423,15.20299854970414,26.86884204488702,78.22407020554446,1036.784267685171,Sugarcane,95.66058679939134,4523.821341956722
Maharashtra,Nashik,Black Soil,Cotton,87.79933572849075,48.611049876418264,32.23061570774371,27.49350646320758,59.56781711194506,886.67941885148,Cotton,87.17287734724368,2297.3558055078192
Tamil Nadu,Salem,Sandy Soil,Wheat,104.69497617506894,35.39903618567123,25.085188850263712,21.45398554931449,42.71903136831412,561.3298063404104,Wheat,93.35893168557968,3072.3090089141947
Andhra Pradesh,Ongole,Black Soil,Millet,53.43073274637172,37.569802711706515,24.549363143845927,29.18248943936184,49.11781651804018,471.9148251977841,Millet,95.43189138759121,1090.1013297310865
Maharashtra,Nashik,Alluvial Soil,Rice,112.25940039831144,25.799826610569845,61.042824218798145,22.620796748824777,78.73487841986787,1021.3963195561237,Rice,92.40118922785854,3056.167294956706
Maharashtra,Nagpur,Red Soil,Groundnut,38.462013878801486,59.611013186255924,75.0754354722273,22.28832963973865,64.2855683924915,817.6876264767104,Groundnut,90.79902664506469,2075.118757258828
Kerala,Palakkad,Black Soil,Sugarcane,91.47232280703828,49.3779920837404,48.43605774201624,28.21782806534457,85.12115028896612,1131.487349484029,Sugarcane,90.91176261196055,5030.757953829292
Kerala,Kozhikode,Red Soil,Groundnut,32.4941492589358,57.10588305446963,57.48181828942446,22.050576752382305,63.72850343428334,845.349224967068,Groundnut,89.28884174919297,2024.6717675078705
Andhra Pradesh,Guntur,Red Soil,Sugarcane,82.80420304585871,63.49748310400339,23.28620421253158,29.658126820994127,80.18476177996901,1284.3541595113068,Sugarcane,96.61243631823328,5683.724162552038
Tamil Nadu,Coimbatore,Clay Soil,Cotton,72.15288607608328,60.78351884842861,67.91720875857342,25.832088973383314,49.75814245509677,905.4534316400612,Cotton,86.22361886355087,2169.336645665018
Gujarat,Ahmedabad,Black Soil,Millet,39.87067224974241,24.71236769953422,73.16067133953545,32.79054944853295,58.6277285801254,449.43113352790533,Millet,96.54716512233101,1482.4236287938156
Karnataka,Tumkur,Clay Soil,Maize,101.37271748041132,45.95350134661895,77.73620930280153,25.76649497172555,66.6004807506032,954.6568937456286,Maize,91.62862380560661,2931.7552323282216
Kerala,Thrissur,Clay Soil,Cotton,80.5876526302169,41.37423777959068,34.213127920120925,31.881515681931624,60.66843184178851,865.8763750243414,Cotton,89.16350165117619,1601.606064804078
Karnataka,Tumkur,Sandy Soil,Sugarcane,116.128735505017,61.516076709161766,34.969682231400704,31.42505646670064,82.74733413182919,1347.9828872365117,Sugarcane,96.8218918509982,4820.9399258764715
Kerala,Thrissur,Red Soil,Cotton,62.92067289070626,56.571923028323155,49.5834109893742,28.456067153836237,60.38175192029786,775.7534702710087,Cotton,94.3711055400475,2462.4463236327388
Karnataka,Bengaluru,Alluvial Soil,Sugarcane,103.09497956429364,54.62722490858971,15.219201432730532,28.913828753858652,76.0419187724325,1395.7035939480847,Sugarcane,94.78526547587494,4725.666496371305
Kerala,Thrissur,Black Soil,Maize,79.99824319454812,43.825512626567026,88.9293701285248,30.55810460174454,56.07472199440231,674.6051978994268,Maize,95.81797494227794,2735.860829989721
Karnataka,Mysuru,Sandy Soil,Millet,60.38469798064622,23.000319174662927,50.45658618520058,28.422519149737592,60.33173390109446,574.6793263504532,Millet,87.96539477195694,1257.4969890458806
Karnataka,Mysuru,Red Soil,Groundnut,45.865126608541686,61.88458041052923,54.891837933384906,23.434134990733202,68.06651946777745,639.0463462002058,Groundnut,88.56276195599311,1894.280582523681
Andhra Pradesh,Guntur,Black Soil,Rice,65.9763180420371,36.83892521324364,68.23245555485485,23.018962542485532,79.1830615917173,1311.7722621363564,Rice,94.30123409173042,3054.1481076010336
Andhra Pradesh,Guntur,Red Soil,Rice,72.00177259825668,28.99644937089966,51.36194416478352,24.934650534556074,79.53032469118162,1123.4749294975072,Rice,94.24892182280031,3486.34861252597
Maharashtra,Pune,Clay Soil,Sugarcane,93.39077453810779,48.448593295176906,49.09268881433784,28.445016157153347,71.87082402797836,1275.043052794325,Sugarcane,95.45427081683245,5716.725883287749
Karnataka,Bengaluru,Clay Soil,Maize,82.50275261746661,38.264172854991436,79.53471105798809,28.83696727791827,69.66160752934341,978.6776987001472,Maize,88.60359151428075,3259.9503775479184
Andhra Pradesh,Ongole,Red Soil,Maize,105.51046959902608,47.059758163765096,76.89551600142853,22.399899663622904,55.09878152596538,1003.0712813810136,Maize,86.27571793831191,2716.7053559312303
Maharashtra,Nagpur,Black Soil,Sugarcane,75.41877092709227,71.00728274612207,17.536396833666313,27.59827936370084,78.81126842564888,1405.6736059568898,Sugarcane,95.79019908771694,4950.268218428911
Maharashtra,Nagpur,Red Soil,Wheat,117.11534194296891,57.88195936151201,47.238887214646546,24.170916086183368,39.96427748668572,662.8136471843516,Wheat,94.03526697535754,3823.7566307413526
Andhra Pradesh,Ongole,Black Soil,Cotton,87.66238749649774,52.161707622246155,32.1400810434288,26.551574374335978,58.35908507383585,643.5402044717498,Cotton,97.3504307223418,1811.396629760012
Kerala,Kozhikode,Clay Soil,Rice,75.58743079964984,39.15071919011931,41.8492383486636,24.96145007925631,73.42324194209604,1418.4194949413136,Rice,86.72449358738531,3999.033977491817
Kerala,Kozhikode,Sandy Soil,Sugarcane,89.91329210576919,57.60787639092135,53.16032325057266,33.14600475934523,84.08075074157044,1114.1215796839756,Sugarcane,91.02740063775909,4638.835767669876
Gujarat,Vadodara,Black Soil,Sugarcane,86.20437667811885,71.41553723246716,45.315589902275434,28.500587458980164,87.41248644516344,1247.9816535029872,Sugarcane,92.2995306318203,5253.766218017443
Tamil Nadu,Coimbatore,Red Soil,Millet,74.85490740263228,30.174215287874574,40.852337444063764,24.62041364897702,55.903189157338325,551.2760998036812,Millet,97.3559108542441,1535.0332788906207
Maharashtra,Nashik,Sandy Soil,Rice,90.0138925833457,41.400912679758264,63.15365514715517,22.329650609349667,73.6373146917619,1209.227098776596,Rice,96.86281497313506,4330.610516530798
Karnataka,Mysuru,Black Soil,Sugarcane,86.8563774800504,60.65437576002068,46.69571375065732,30.03569846717459,84.23667825843772,1446.9224477484843,Sugarcane,88.90465991250633,4865.510741670753
Karnataka,Tumkur,Clay Soil,Wheat,125.95703129850779,43.76020157820729,25.453582807385793,17.214496118732107,50.078097167330846,710.126720734302,Wheat,96.74905337412096,3512.9339121060093
Maharashtra,Nagpur,Black Soil,Sugarcane,72.50479848508328,59.42695873540762,42.545715021472034,28.070054006526135,78.46482287541701,969.5572031332031,Sugarcane,92.12285934637127,5791.624093658176
Andhra Pradesh,Guntur,Red Soil,Millet,74.06293737443033,40.0799514551968,29.388725544134186,26.601971735341795,62.13834840848762,503.6929359716765,Millet,90.5530708898521,1185.016555191598
Karnataka,Mysuru,Sandy Soil,Cotton,87.80525537080882,59.32245101680049,31.657266194246887,25.863982071821912,64.69500290311716,940.6392999906075,Cotton,89.87631938994133,1596.7783233689709
Kerala,Kozhikode,Sandy Soil,Wheat,92.32664631240489,37.01141828829424,58.8641278356082,16.637502501839336,42.99015375287399,806.6695146012858,Wheat,97.65235286846664,3697.6638954143987
Tamil Nadu,Erode,Red Soil,Sugarcane,80.02964097654512,41.74270068280173,32.421848104237284,30.128394023656657,82.1303887270451,1500.544170561536,Sugarcane,95.30205858498326,5663.827566105189
Tamil Nadu,Coimbatore,Alluvial Soil,Sugarcane,113.92434914488446,44.93806966315765,45.399418231112435,30.55464302230112,78.49466815170919,1419.8656726058764,Sugarcane,90.57235577611465,5780.699309313222
Karnataka,Mysuru,Sandy Soil,Groundnut,33.525878779424275,64.4885529857843,84.79492235116791,24.808590228007454,76.98077504795336,589.1211028573109,Groundnut,86.2597632283028,1861.2764218601508
Karnataka,Bengaluru,Sandy Soil,Rice,77.33375805357241,31.49296768183925,53.860396238547835,26.445099749593595,81.52776897273604,891.6871251846632,Rice,87.46395943616653,4317.232671221949
Maharashtra,Pune,Red Soil,Rice,108.09133794938464,21.45841182388132,61.75707872225849,23.916128783807764,79.78909901868307,989.1155636711186,Rice,88.61056756789229,3942.214525241758
Karnataka,Bengaluru,Alluvial Soil,Rice,87.61659765534739,39.51206339441832,79.33384689012277,24.475211654756464,75.61804408997638,1273.0503881948816,Rice,92.02779327894979,3514.4030869251465
Tamil Nadu,Coimbatore,Clay Soil,Millet,50.146193030751824,20.20752938271287,57.516107993791124,30.877405824829808,57.454410322727796,419.9064203329931,Millet,94.34579612338004,1061.4832963163121
Gujarat,Surat,Alluvial Soil,Wheat,104.03843412991914,41.399320135821974,28.454678888357762,16.653890483550395,45.18338791336163,706.7571100353485,Wheat,93.37755950992437,3466.1844909304473
Karnataka,Bengaluru,Sandy Soil,Rice,99.21218765721817,37.03659052946618,45.129776048959265,23.028517258893288,87.77891069137956,1125.5487227460576,Rice,88.36678360240478,3398.6253027340595
Gujarat,Ahmedabad,Black Soil,Rice,73.92963647379581,30.443533891507514,48.7884757317646,26.197686936252758,76.88108160766842,939.809524042519,Rice,92.8962648753159,3328.5004495285225
Andhra Pradesh,Ongole,Clay Soil,Wheat,102.73631076125731,38.28942145566959,19.0891552394584,22.885500867505456,44.40856462057654,765.5065593942484,Wheat,92.7294801980844,3391.540202674056
Tamil Nadu,Coimbatore,Sandy Soil,Millet,68.1190397217107,34.29437351115982,58.23376766886609,29.598802811074417,44.384752322819836,642.9574803787544,Millet,91.6391623631256,1097.4139063096704
Gujarat,Surat,Clay Soil,Sugarcane,90.81726218486682,71.7793765273679,53.95878556830873,28.05723119712833,81.89154454880328,1045.2940247105516,Sugarcane,90.06252267689489,5380.700499596376
Andhra Pradesh,Guntur,Clay Soil,Rice,73.79023770103882,27.34497762660718,65.91334403419322,23.101104721501613,83.73935477315261,971.6833425941084,Rice,87.77578056602023,4137.601503146258
Maharashtra,Pune,Black Soil,Rice,85.62108068567984,28.918404296860437,37.756088830783455,26.727110345642636,84.1220493799353,1101.2871236747706,Rice,97.10170175885021,4192.704973253046
Andhra Pradesh,Nellore,Sandy Soil,Cotton,74.08562888046134,68.66776537493767,46.76406706875893,27.636616386157993,51.685411896567615,890.9714371501988,Cotton,87.00932966580515,1926.0278452820894
Karnataka,Bengaluru,Black Soil,Cotton,72.78568534422885,42.49498740636545,41.730510118233234,28.208787608229585,54.72745245927449,659.3008557163428,Cotton,91.93926132533765,1969.7182980133512
Tamil Nadu,Coimbatore,Black Soil,Maize,86.39419469057522,40.69746034300282,90.2395216031117,24.726254593127624,67.52199152349407,744.7863882766794,Maize,96.34514427573023,3189.957437347445
Kerala,Thrissur,Red Soil,Maize,88.5244139848891,43.85531095551596,74.75714036365687,26.320689531020992,59.296816579684815,556.1520993900067,Maize,86.32962349963343,2936.1440045539202
Maharashtra,Nagpur,Black Soil,Sugarcane,88.39156509547196,59.27706787181161,47.00982890730694,28.223202067426975,77.79002290745733,1307.2926401824823,Sugarcane,89.30313909730476,5170.296150997788
Gujarat,Vadodara,Black Soil,Wheat,73.54825389464021,50.18512298578133,56.058566118878986,15.806960837586015,47.14232480946299,774.5227881092943,Wheat,88.03218151813212,3453.2149685483655
Andhra Pradesh,Nellore,Black Soil,Cotton,83.75241362358972,46.54457078835227,23.40108924293691,26.297039086017747,63.873085009881805,967.1469049481279,Cotton,91.2230710828377,1685.4362878450454
Maharashtra,Nagpur,Red Soil,Cotton,75.60357321286952,48.737288617285735,38.860922304117786,28.653784722694,63.92608035446656,903.3523224703858,Cotton,88.95618410666836,2064.975852300285
Andhra Pradesh,Ongole,Red Soil,Groundnut,33.27889406360269,54.55193865679432,57.23500328912913,26.70958460690803,72.03168465197611,747.0746962683866,Groundnut,94.83715264218652,2451.8459330414985
Kerala,Palakkad,Black Soil,Cotton,87.88349125796731,57.331668325636876,53.734548758515075,32.12920724483951,56.575906191841995,963.3757548490277,Cotton,95.0642278532095,1799.7350690051508
Andhra Pradesh,Ongole,Alluvial Soil,Rice,99.39963647281336,25.335908282866832,38.761408169495354,24.976072895574003,85.79699006848244,1258.3055856787782,Rice,85.28967473073295,3689.108015043149
Andhra Pradesh,Ongole,Sandy Soil,Maize,88.017319571157,52.85353259793304,80.82090616776917,29.820350098167097,55.3512047917666,722.3114973747445,Maize,86.01237917973461,2674.839361032537
Andhra Pradesh,Ongole,Clay Soil,Rice,70.5128138562678,26.836567061197798,45.44093511030074,25.91225163033363,78.55488958841798,1077.794973745943,Rice,95.345943551321,4245.560946864745
Maharashtra,Nagpur,Clay Soil,Groundnut,57.42167335314491,35.24326704289999,74.28802217544018,23.96592788727483,80.1985480137688,514.4507759213526,Groundnut,90.06195636939792,2272.6495332783843
Maharashtra,Pune,Black Soil,Cotton,91.06735264324028,51.44782212778044,23.690509995517015,30.425783271645457,53.953284695757404,1032.2332690120054,Cotton,90.86257459555108,2416.8166541500536
Kerala,Kozhikode,Red Soil,Groundnut,24.316094562225103,48.94244417639995,71.16928012967735,31.3218591587522,63.75032387253623,878.6802069039708,Groundnut,95.69647757273883,2215.613886671891
Gujarat,Vadodara,Alluvial Soil,Rice,99.09719989289071,42.882313052461924,75.41447759907285,26.63149636142845,74.97156179775507,1250.553910453774,Rice,89.23147700469005,3096.6634769669563
Karnataka,Bengaluru,Black Soil,Cotton,74.98312385808273,58.599057620449244,62.17625566543565,31.10500195267442,59.95839498568952,1014.0218284104906,Cotton,97.80604768354614,1762.0411893328446
Kerala,Kozhikode,Sandy Soil,Cotton,82.74807046689416,49.21154325869459,55.97737187117856,33.393067267597786,62.51923133800011,705.4618337265543,Cotton,90.09328863230817,2226.215213878633
Tamil Nadu,Salem,Clay Soil,Millet,71.24176016135567,22.21558932147586,73.62179189928437,28.67749336580823,53.25819028506843,529.5454745993426,Millet,88.4080392721924,1384.762452092347
Gujarat,Surat,Black Soil,Millet,38.838193341598995,27.756766467971175,51.04630341805153,29.123011135021677,66.13425604344785,639.2696781612187,Millet,95.84160919502455,1799.3424417995311
Tamil Nadu,Madurai,Alluvial Soil,Millet,70.25056252863024,35.537927585610944,43.98237880794911,29.44016874824488,59.54384772639647,608.5948169435314,Millet,97.94044187680984,1577.1005357676404
Kerala,Palakkad,Clay Soil,Maize,77.7503528518696,57.62417200062046,107.14387395422719,24.23816042725506,64.27968511357032,876.7530114325994,Maize,90.87519674408476,2976.770842979625
Karnataka,Mysuru,Black Soil,Cotton,90.89139144146213,60.22678657611094,51.6410269974199,32.92063105317512,69.5117392817107,820.7938871521532,Cotton,86.17469964961927,2017.5959123416342
Tamil Nadu,Erode,Red Soil,Wheat,97.39688514448451,49.469603990938,41.19868173577229,22.00770419573337,53.1290922950282,528.3109334659853,Wheat,89.9694917088855,3828.5123987465377
Andhra Pradesh,Ongole,Red Soil,Rice,77.33726179573814,37.861956912760576,49.883265811540696,27.4608127765652,78.81705002921343,1273.7927736666506,Rice,95.06888516237487,4282.777877289438
Maharashtra,Nashik,Sandy Soil,Maize,100.94286822238442,52.513747874731195,100.73706529191618,24.23530393594551,66.86794067878176,741.3962320052158,Maize,89.64488272230686,3111.8911899776713
Gujarat,Surat,Red Soil,Sugarcane,82.1978833995911,68.48729064778054,23.29865304528501,27.415313787392762,83.2086558957185,1015.4553490144843,Sugarcane,85.53240745668845,5487.490411199923
Karnataka,Mysuru,Red Soil,Millet,60.47390024473663,30.52737997315638,71.2051733353619,27.30012646548338,57.44972864756535,534.7668016005268,Millet,85.79958506319414,1528.18460078057
Maharashtra,Pune,Alluvial Soil,Rice,111.31059366996715,32.23120668938761,53.55874876590276,25.2224220145703,77.63086797190395,1322.2089819711837,Rice,86.15171605929652,3199.494105604444
Tamil Nadu,Coimbatore,Sandy Soil,Groundnut,41.83658698135604,50.49570500490817,86.18695166885621,23.037451996850926,74.5636684270746,894.4418321072588,Groundnut,87.25595171966074,1802.3841601098432
Tamil Nadu,Coimbatore,Alluvial Soil,Rice,83.61362890848561,31.839335490329734,74.02563537004076,21.559502711163542,83.34240070011316,1416.0192269747563,Rice,98.63989450612779,3500.767006804529
Gujarat,Vadodara,Black Soil,Wheat,94.41307645577504,44.56432631667543,42.794111651284986,20.403643344949266,52.310263958778876,541.2811413583701,Wheat,94.68138154038438,3236.108005197913
Karnataka,Mysuru,Alluvial Soil,Cotton,77.9048709156665,52.07606665295862,33.04503198577146,29.631481134538227,67.84812442678759,609.050363731857,Cotton,93.92307088231426,2328.944844637914
Gujarat,Ahmedabad,Red Soil,Wheat,121.62720842955791,48.63073208603514,34.60217467894037,18.973626557692455,53.00070587003384,844.7039210369585,Wheat,86.86967461067593,2716.7172424310766
Maharashtra,Pune,Black Soil,Cotton,80.78035071284577,53.69572281526644,59.41943043824253,29.44326448511749,52.370336996261976,632.9935486967613,Cotton,98.47045291590545,2402.8602713965024
Maharashtra,Nagpur,Red Soil,Rice,70.2859574305028,31.461258484640975,69.28462013484292,29.636297548352296,82.06590180810767,998.9773423636348,Rice,96.01491896980927,3678.0146487060147
Maharashtra,Pune,Sandy Soil,Groundnut,42.35826546207691,39.957257886792064,70.22845876763907,22.373925342382407,69.23883816018821,427.90141610181246,Groundnut,86.57698706909045,2230.7384154726788
Kerala,Palakkad,Sandy Soil,Sugarcane,105.48327838170695,63.026262567251706,30.683840416833476,30.47212849700066,87.05602673069139,1531.6508474197594,Sugarcane,87.62411036712881,4546.322123754949
Tamil Nadu,Madurai,Sandy Soil,Sugarcane,84.15688767389742,61.018605705286355,50.04966873909727,27.259412513511105,87.48930233469261,1273.253232745098,Sugarcane,89.9023781381557,5950.14965027955
Kerala,Palakkad,Sandy Soil,Wheat,115.43677014625314,45.02232708429179,23.38815390917984,24.183705441028334,47.96227743198851,626.5685558373441,Wheat,95.96682402842873,3039.435339696472
Maharashtra,Pune,Black Soil,Cotton,82.71540976893314,55.205879088383725,44.344966367037074,26.703837715182164,59.705467588074654,638.7966752324594,Cotton,96.784149882504,1961.9858599025204
Karnataka,Bengaluru,Black Soil,Cotton,93.5620365888358,49.00281541495188,39.43832826771718,27.862424940938265,60.60707215730148,1061.8058810528908,Cotton,95.96351610495945,2262.5435396261996
Maharashtra,Nashik,Red Soil,Millet,57.33846434070141,41.12955982264388,42.54138269482672,30.160338529899587,56.434664632753325,600.2599741439573,Millet,87.49013430204626,1508.3512722965897
Tamil Nadu,Madurai,Black Soil,Wheat,94.30587722798091,51.105599276318074,48.84106102974815,19.9492524839816,48.4602334352058,667.2212195120323,Wheat,90.44622025016722,2934.2743378957816
Karnataka,Tumkur,Sandy Soil,Sugarcane,110.1275479236489,54.82268436753459,25.8786439945577,31.364262897747402,75.03275841891471,1035.869455048063,Sugarcane,93.44241547917238,4760.3328584898
Kerala,Kozhikode,Sandy Soil,Groundnut,47.42106917792591,59.186552853933264,88.36951633990816,23.480091686618614,70.72930267049502,800.7047429642256,Groundnut,98.85147479107219,1877.3020437062933
Karnataka,Tumkur,Red Soil,Maize,81.85136973285405,51.717104982124084,80.42055563150272,22.48443294985067,63.76702348545744,722.072016506665,Maize,94.25521664969051,3362.062535721477
Tamil Nadu,Erode,Clay Soil,Wheat,129.5096763101792,41.327848781130896,50.92817489127954,22.87707722057295,63.90237287050124,669.2939648052775,Wheat,95.38738795116602,2865.2007944297666
Karnataka,Bengaluru,Sandy Soil,Rice,81.74555743454697,36.303938475794446,42.19166659443184,25.816724414988684,80.99878112192519,1022.2008308949208,Rice,96.86826053451588,3690.4447908222987
Karnataka,Mysuru,Black Soil,Maize,71.1338978336427,43.41854292441237,57.48250222642802,26.77669623580554,71.97552321139447,593.7832519480387,Maize,98.97062437246812,2604.7403355052306
Gujarat,Vadodara,Red Soil,Wheat,109.58981541769928,40.540950045585326,43.13776702184687,21.17745081346306,57.618803605577035,624.4394435794418,Wheat,87.21886537336272,3806.0647741643807
Karnataka,Tumkur,Clay Soil,Maize,66.77466923069088,41.03745309124635,81.96463805558588,28.881257840790575,68.50843854887506,782.838371450567,Maize,94.08347985406601,2729.1950742835706
Maharashtra,Nagpur,Red Soil,Cotton,74.48416247393473,48.35054013673122,52.792941192569856,27.04658837274528,63.27486982164372,738.7355286657844,Cotton,94.22469277191138,2466.688775811491
Andhra Pradesh,Nellore,Sandy Soil,Millet,59.51643722233998,33.07538816645858,54.09052722607978,29.610691566682934,51.288930954877976,610.4871177942753,Millet,94.2642531544759,1560.5593612778257
Tamil Nadu,Coimbatore,Red Soil,Millet,74.13248416401589,34.203198056354886,42.05956474491917,30.217505136256072,61.44043063486958,305.6920306261649,Millet,97.41453443818938,1607.4157643065282
Maharashtra,Nagpur,Clay Soil,Wheat,122.46644500463361,52.41570705944433,37.18534452884431,19.604187181496563,51.44750916250245,633.5920165070426,Wheat,86.14138112899688,2666.2228829564247
Maharashtra,Nagpur,Alluvial Soil,Maize,88.08311871296114,58.8015411970412,83.69920966755458,28.108573965996648,71.18213298954628,598.5145265034358,Maize,87.73954113704816,3434.131329725204
Karnataka,Tumkur,Alluvial Soil,Sugarcane,88.24525518433217,55.907630057827326,47.00703433383117,28.60719676873145,75.7648938910495,1028.9662915221909,Sugarcane,87.98565396895017,5557.736454685399
Gujarat,Surat,Black Soil,Cotton,67.70935284571777,55.72128453855828,34.61810922909421,34.10855235719044,54.77922811010137,851.5153235147021,Cotton,98.3287831566512,2313.107493593115
Andhra Pradesh,Guntur,Black Soil,Rice,84.89668534073877,36.97039995029574,41.69215826355704,27.31511625554195,76.53526845765936,1092.9088219976818,Rice,89.36546689006873,3113.238905924724
Andhra Pradesh,Nellore,Alluvial Soil,Sugarcane,118.3676643167836,64.73734930337994,38.98254878634183,32.618220922443044,73.72467002180834,1229.6870037024282,Sugarcane,87.22428348062067,4578.797155330239
Kerala,Thrissur,Red Soil,Wheat,115.00442594536821,40.101148515559906,41.26435408302272,26.812138328985572,51.174138663974546,689.9023000272409,Wheat,90.53329146805135,3462.3241653107357
Kerala,Thrissur,Alluvial Soil,Rice,72.84235220240349,44.22958840742103,78.55983039220148,23.540681576191783,85.6141038029235,1281.9044458849685,Rice,98.97458693315828,3719.1992066686553
Kerala,Kozhikode,Red Soil,Sugarcane,86.6484217268837,61.781787503457096,28.87006487497566,28.293058843209078,79.98395893046249,1328.6818148149657,Sugarcane,88.19014956315868,4554.903607830001
Maharashtra,Pune,Alluvial Soil,Sugarcane,97.37319880199537,44.424004900725194,59.622646488855935,31.16903240671199,79.99667010459657,1296.2713179980199,Sugarcane,94.47078210849673,5532.47904750992
Maharashtra,Nagpur,Clay Soil,Maize,110.67657807883204,65.12056238848865,95.95775707193349,24.782362337656625,60.95196846473754,519.9444664852552,Maize,98.18563236652733,2710.1193202296704
Maharashtra,Pune,Clay Soil,Millet,60.735399220896696,41.11521685994473,45.94828198035717,32.00337672702004,54.891777865893246,538.669559757675,Millet,91.49350464437192,1133.8118035203665
Andhra Pradesh,Guntur,Black Soil,Millet,48.50032976227479,29.454938463029393,24.46568150917226,30.265719347980813,46.24847048245864,724.1566514115275,Millet,97.4244662563455,1209.5167765114365
Karnataka,Tumkur,Sandy Soil,Millet,41.422387447204976,37.64339553472836,45.99994171917186,31.344220126931198,51.59379502218037,763.1583976141578,Millet,86.6062077169319,1242.7644011940124
Tamil Nadu,Coimbatore,Sandy Soil,Wheat,88.9772077151215,51.94107797209174,38.35079098763353,23.47485534247384,49.050894125604344,557.0294371301667,Wheat,90.96152534273344,3906.904254911706
Tamil Nadu,Madurai,Alluvial Soil,Rice,65.91814697792785,33.388788072999894,44.988345372762154,25.211701771259975,74.28876551897949,1290.3722343586394,Rice,85.94952952997919,3859.425606912917
Kerala,Thrissur,Clay Soil,Millet,52.94863649913833,46.795912488811325,50.23758033276763,30.20436978201549,57.87317561913765,563.3490076496842,Millet,89.40645184277938,1673.6103251138775
Andhra Pradesh,Nellore,Clay Soil,Maize,106.41871015194344,50.222183235362365,71.67509541080153,23.17425670299268,60.61414025914762,879.1842565554639,Maize,97.96632857717124,3018.7947681958212
Tamil Nadu,Salem,Sandy Soil,Cotton,75.02225519507927,46.925896558055214,71.17555805828113,30.47741260579567,62.401969811659825,718.4623488329228,Cotton,93.66677954285207,2363.937927791511
Maharashtra,Nagpur,Sandy Soil,Rice,100.28172284653142,32.394741227847064,36.17880576436263,27.805840396375174,88.60599823750408,1262.7554815836786,Rice,87.36239527986481,4387.936308735161
Tamil Nadu,Coimbatore,Clay Soil,Rice,84.0855394861489,25.54360775667007,48.27370543399489,21.79059873923702,72.81748085851343,1016.3906410387706,Rice,86.70599417219027,3976.850353951849
Kerala,Kozhikode,Clay Soil,Maize,103.36816546617291,54.62483820118364,73.20674817962627,23.78989279047655,55.39864349960301,578.6132589201522,Maize,87.13662154497091,3101.4380255970023
Tamil Nadu,Madurai,Red Soil,Millet,75.5265286969867,30.057284785757318,31.470688765574582,27.18746645050361,56.91491061294757,491.418777950067,Millet,92.62979630136859,1209.0086027984203
Maharashtra,Nagpur,Sandy Soil,Groundnut,26.884771926479797,48.29376913275517,80.42956405288365,24.98892959578928,56.59170281513842,523.2969737834437,Groundnut,86.62249483490186,2119.0904143085218
Tamil Nadu,Coimbatore,Black Soil,Cotton,96.92122834944601,57.57868735143464,52.2913887573436,26.965227061630415,66.62306856848183,769.7160197214221,Cotton,95.62198845646257,1739.1818659063563
Maharashtra,Nashik,Black Soil,Cotton,76.12756714801681,66.43314508385978,28.75250235689311,32.33792405432746,58.67166851150281,864.4186389955381,Cotton,88.19357407291602,1909.3989883297945
Kerala,Thrissur,Black Soil,Sugarcane,83.72053036090449,51.46472216143204,40.465982968544836,28.774464607908683,86.81507936482984,1263.4075941696083,Sugarcane,98.5248037835997,4618.63927265081
Andhra Pradesh,Guntur,Alluvial Soil,Cotton,58.05004120917406,59.864548587275685,31.579157258289726,33.04165544660306,53.68343932512175,637.3534847089586,Cotton,97.83068979799842,1950.5378503758568
Karnataka,Mysuru,Red Soil,Maize,90.82384659686065,44.558593144835974,60.70136136786752,21.426136958813448,59.83253253243873,683.5901054702323,Maize,92.43571502670613,2840.353602333509
Maharashtra,Nagpur,Red Soil,Millet,80.66460961347391,22.70700126533146,53.82968907326965,27.452584744423415,56.910819118047684,316.4417542603202,Millet,92.51689023937757,1124.1082301230156
Kerala,Palakkad,Clay Soil,Sugarcane,93.13156136713553,58.62830412918371,31.41076167671517,29.954178698318504,72.64488071946386,1440.3455094696951,Sugarcane,93.51111443084852,4770.399559818699
Gujarat,Ahmedabad,Alluvial Soil,Rice,110.58545132705484,34.72401727086393,53.62967435512216,19.93073393197325,78.14338448214491,1240.5604085711968,Rice,93.53965621484554,4199.617591805694
Karnataka,Tumkur,Red Soil,Groundnut,53.29104562816397,40.72055482935269,94.55891433559438,25.673978081302828,72.35507043858007,678.1621721250251,Groundnut,98.94357957503368,1544.3450300014688
Karnataka,Tumkur,Alluvial Soil,Rice,73.24107806336137,34.88367856339259,42.192269810623145,27.608786716651544,87.9951988819257,1209.8938865896637,Rice,98.83912482757384,4151.491229936134
Andhra Pradesh,Guntur,Black Soil,Cotton,81.75944594276197,55.42698104644961,71.52605591087821,28.19753630942359,64.83075918343059,968.7584104878872,Cotton,87.10449628127432,1852.4846692045046
Gujarat,Surat,Alluvial Soil,Wheat,97.54650472975703,30.738622224569944,37.06418555439298,24.917772550053506,48.798081509345124,523.5060782383393,Wheat,95.16367769615555,3528.51705547948
Andhra Pradesh,Nellore,Alluvial Soil,Rice,87.58004522377873,23.277452263121372,34.95285877752057,21.383776820836935,77.53998598410142,1175.5675035093764,Rice,88.85948262863162,3553.418930488842
Tamil Nadu,Coimbatore,Sandy Soil,Wheat,112.51244427646246,41.95601190284054,59.80756434985444,21.927333991407757,51.52717690070344,511.5632223795179,Wheat,87.08654508398575,3601.1470727083915
Gujarat,Vadodara,Red Soil,Sugarcane,94.34189516837586,67.08044410619605,32.90849535038361,30.65179782876885,76.9804464217408,1344.8855227461793,Sugarcane,86.93488823609005,5090.480211977808
Gujarat,Vadodara,Clay Soil,Maize,93.63155549645549,38.6192770093351,105.68327549035857,24.274326709706646,55.33023958705438,775.9231881007605,Maize,94.89074940678074,2674.058424280443
Karnataka,Mysuru,Alluvial Soil,Rice,75.98701285739972,27.561084334241688,63.70575779549961,24.472436412967035,83.75543938503344,1148.5034616593584,Rice,92.5661642176679,3296.848283683086
Kerala,Kozhikode,Clay Soil,Groundnut,38.86603717894124,55.28478670707502,75.33423983722761,22.97795240205849,69.0807105721639,702.7081635244573,Groundnut,91.2368969526103,2298.7921728030847
Karnataka,Bengaluru,Alluvial Soil,Rice,91.13409663656476,39.92792575700854,49.063460724174455,24.778085218874775,88.10061567964871,1116.05489575586,Rice,97.81827338001126,4025.5431735689967
Maharashtra,Nagpur,Red Soil,Groundnut,33.77079677514455,45.393126498351705,75.05773244503288,22.26288967875434,77.44800404327495,679.8392692981934,Groundnut,95.43807144663366,2317.871718385452
Andhra Pradesh,Nellore,Sandy Soil,Cotton,60.05875364873576,66.3071724741518,34.17378828360211,30.223331695623425,54.389963841828944,844.4586722971978,Cotton,97.485129530042,2477.221368746944
Gujarat,Vadodara,Clay Soil,Sugarcane,103.92145342758187,53.47902890830711,52.38516134323618,28.750724741918702,72.14796464216202,1089.5001098943385,Sugarcane,94.34556546365982,5238.671498569141
Andhra Pradesh,Guntur,Clay Soil,Rice,89.27198145598936,30.923870314274797,66.47757267152224,22.356353295054458,89.1059114205051,1207.816713155034,Rice,94.0434807784871,3680.874103830643
Karnataka,Tumkur,Alluvial Soil,Rice,70.38707849251891,41.22823781846087,63.53649384056841,23.648044054146258,83.85917276602817,1221.6131326006541,Rice,92.30499558554513,3793.440746853787
Maharashtra,Pune,Clay Soil,Millet,53.360903525959785,36.707859624659264,71.05110622911374,30.102872617242085,56.253107044112134,589.068657012549,Millet,92.26097948349519,1043.7002683832998
Andhra Pradesh,Ongole,Black Soil,Maize,71.35850870145035,43.62803508183738,78.50657943155889,29.690132917504755,62.355178725986235,838.8296638896466,Maize,96.3379658208792,2518.181014729079
Gujarat,Ahmedabad,Red Soil,Millet,50.05029575222773,26.292326539362428,26.71579921628201,25.10826516218664,50.578025670549195,587.5816864235063,Millet,89.90836561119379,1008.6164621124791
Gujarat,Vadodara,Black Soil,Cotton,97.54799727281622,59.78032832061863,48.70442723720967,24.285348802799653,66.13114197961377,761.3278442334546,Cotton,93.53051959595228,1889.6726593337237
Karnataka,Tumkur,Clay Soil,Sugarcane,84.18316862311474,63.506997994053734,37.01634702392877,31.283563149251535,79.22352571574224,1177.0065544722415,Sugarcane,88.87463912615854,5863.056242608865
Kerala,Thrissur,Clay Soil,Wheat,106.99325438949569,54.298085865169426,46.880548741279256,19.797744966894065,59.54133435608165,608.4376223667939,Wheat,96.59936006470124,2847.4502712163976
Karnataka,Bengaluru,Sandy Soil,Maize,92.98256456739671,58.11644646459205,93.41640675730636,22.59327243370452,68.3031749020222,830.644865674506,Maize,95.81757307748245,2909.809180414092
Tamil Nadu,Salem,Sandy Soil,Wheat,103.73633899724469,57.85165296225143,47.782649035959054,22.306507355991428,60.822654048977824,688.4768101555464,Wheat,92.480424796825,2622.093456311912
Andhra Pradesh,Ongole,Red Soil,Rice,60.60379763837818,24.377183444395104,69.65369482692209,23.19742036481532,77.2972031397334,1324.3521262228717,Rice,86.96451321439386,3699.518063226472
Gujarat,Ahmedabad,Sandy Soil,Sugarcane,91.88433048608798,53.09637687948826,20.839081628736302,29.8589931407179,83.66210812403008,924.4161023809345,Sugarcane,95.33762209842635,5260.566916379769
Maharashtra,Nagpur,Alluvial Soil,Rice,73.20197956498109,36.254591611168514,58.945724250617744,23.99541303034693,80.24567066275485,1405.5099623803153,Rice,87.45285019391555,3970.799494966825
Tamil Nadu,Madurai,Black Soil,Maize,84.5609498457384,62.4172273126694,73.30290990436818,26.056425571126603,60.02409096537491,799.8516635168966,Maize,89.44380577820814,3487.471654333348
Tamil Nadu,Salem,Alluvial Soil,Cotton,68.21473604710644,50.15498402554922,36.56254812983343,29.6123873509198,68.64570685599122,627.4997752443712,Cotton,98.33214404979178,2418.363635701199
Karnataka,Mysuru,Red Soil,Rice,86.97554945419049,41.71639380094862,59.07130612518317,20.664472533419747,75.91286627246768,1169.2189007815794,Rice,97.23027329632697,3413.254321249522
Kerala,Kozhikode,Sandy Soil,Millet,46.830563945675024,37.140096615583,28.080671377658252,29.410122436743734,64.04464726043543,684.4121047175911,Millet,93.71615564895218,1209.6136422259126
Tamil Nadu,Coimbatore,Black Soil,Cotton,90.65984476444291,52.62760380045053,55.02977927810147,30.349248430743938,57.96863044645126,739.5972361926811,Cotton,85.22885782312386,1985.4794813664982
Gujarat,Surat,Alluvial Soil,Millet,48.56966207195049,37.029034963200104,30.371157021879082,29.928050543453203,46.71900309795768,309.5605880141512,Millet,97.76134816739922,1079.4209449079133
Maharashtra,Pune,Red Soil,Maize,100.32909017736047,60.754884993891274,56.737631671860456,25.12767639303653,57.295696423169204,879.9754388862663,Maize,97.99843945048127,3156.0574616170106
Maharashtra,Nagpur,Alluvial Soil,Sugarcane,94.41791742628362,47.55016695649371,28.63114903791147,28.296870809424263,77.43942162429705,1092.8637106574943,Sugarcane,98.47164253812682,4579.139763868062
Tamil Nadu,Coimbatore,Alluvial Soil,Sugarcane,90.0730253214067,43.88549857383016,38.37890575709392,32.09567861270971,75.69745252185457,1127.195891736267,Sugarcane,85.77654515444185,5627.159608589236
Andhra Pradesh,Ongole,Black Soil,Wheat,96.43928958726306,30.04856235453228,33.88471634944318,18.3973775418002,48.293336424172374,485.25657442310813,Wheat,85.8516933784739,3896.297067810613
Karnataka,Tumkur,Red Soil,Wheat,101.00505108469086,41.353358549726174,30.282438089053603,21.205900207618733,52.930232621367445,574.5440034737902,Wheat,87.83117461134648,3199.926102428023
Karnataka,Mysuru,Red Soil,Cotton,88.20838183650335,53.36808774868017,24.431240688378132,29.590085069520207,52.7212772929813,630.0238592433452,Cotton,96.61874115725979,2081.0608158548785
Tamil Nadu,Erode,Black Soil,Sugarcane,71.88113060016587,48.83698954023233,37.387376465505,29.856963650035055,76.2852436333674,898.5598856385616,Sugarcane,85.4658823848201,5328.572004220781
Gujarat,Surat,Sandy Soil,Millet,38.72894458064413,38.931187017836756,65.73156961257543,28.77765793928163,57.117852439104006,637.5922493481573,Millet,90.8028590902211,1359.662120713472
Gujarat,Surat,Clay Soil,Millet,65.40628610483579,28.015494873115912,64.79941989826526,27.356932860121873,69.66530378907261,762.0117953591623,Millet,93.38946918419106,1598.1449219333629
Tamil Nadu,Coimbatore,Clay Soil,Cotton,62.48384768947857,63.17356624796145,55.519800926184274,25.856536298263062,61.799725692474055,801.0325487217342,Cotton,93.0158397575183,2263.4848683938944
Maharashtra,Nashik,Clay Soil,Sugarcane,78.65026115069057,46.77630540541077,62.0321327388199,27.504183626638188,75.02088413884286,1362.2894675706646,Sugarcane,96.99850869139595,5481.95308516386
Maharashtra,Pune,Clay Soil,Sugarcane,84.03679533302818,41.328083491511634,32.97372292694345,26.15669511401854,77.26859741238273,1157.1283385582012,Sugarcane,89.97387401902095,4823.291927758261
Andhra Pradesh,Ongole,Clay Soil,Maize,79.30326072766864,48.29644970963747,81.43102932956361,26.64427643678249,60.32297503246237,811.1831600780862,Maize,85.47586560545113,3495.857438310642
Kerala,Palakkad,Alluvial Soil,Rice,72.7303471092514,24.06053644568051,53.067062774267434,27.43429344952773,78.34303941638775,1189.9706846690567,Rice,94.22370960601938,4288.496444789002
Karnataka,Mysuru,Alluvial Soil,Rice,86.02372530477635,35.86976622851863,58.35735849777808,20.512137380257762,89.99847721597385,1024.363021548304,Rice,97.20188360964207,3055.499557067878
Andhra Pradesh,Guntur,Clay Soil,Wheat,102.77974723741437,40.662461498276016,38.939567992209206,15.505685110426231,49.77924031019645,820.1601061405793,Wheat,95.60316770301391,3111.451256058686
Andhra Pradesh,Ongole,Red Soil,Millet,60.65168691678714,22.588404364760656,30.495044023647985,28.321332543185648,53.061125819468174,738.9110096131858,Millet,90.59753277873064,1141.8159546273596
Tamil Nadu,Coimbatore,Black Soil,Cotton,70.15930236087691,53.31573861811839,66.79800633425342,30.256110342654083,72.41547700368196,777.3603160796282,Cotton,92.7877337472254,1529.6918261126698
Kerala,Kozhikode,Black Soil,Cotton,93.77957500173932,46.96450215637424,29.521937162839578,25.89775948374872,60.4516266062688,844.9771346098303,Cotton,85.61844146370323,1996.079880116928
Kerala,Kozhikode,Red Soil,Millet,53.93108101629119,36.35234799167688,52.79905061765047,27.27820627083594,44.099860039229526,370.5616941832304,Millet,94.94692993080051,1297.857691219521
Maharashtra,Nashik,Red Soil,Millet,50.279015503327344,32.57761350706902,46.98270934038101,26.225567988092312,63.01742810481399,485.09083242148654,Millet,96.26099275567263,1672.8055835588314
Gujarat,Vadodara,Sandy Soil,Wheat,90.12696254047458,57.20622936234602,59.10581141661183,17.76749252009448,42.66955514952549,738.2572507412079,Wheat,91.09735895476608,3355.129058004427
Karnataka,Tumkur,Black Soil,Sugarcane,83.85487998279568,56.720903615019274,61.10960003354863,28.495566004745303,80.39133767130303,1392.567648903397,Sugarcane,97.42913912634106,5260.71043430003
Karnataka,Mysuru,Black Soil,Cotton,73.66131942940738,65.08212262626567,50.12997927540033,29.00675547201694,58.21797987719608,830.955381532176,Cotton,92.34354749189328,1914.0914728034859
Gujarat,Surat,Clay Soil,Rice,96.221963256386,32.134988532118605,51.48479650304114,20.1180269521263,84.22195366404748,1170.364244950882,Rice,90.09442217952893,4082.4724026134577
Kerala,Thrissur,Clay Soil,Sugarcane,96.18636212862079,61.527718630024296,32.67887087445305,32.53414106505584,77.70129332882999,1314.149870932937,Sugarcane,87.80736508093723,5345.80907551623
Kerala,Thrissur,Red Soil,Rice,82.09958047843523,44.18260729804725,30.447966292289443,20.608379504009704,71.78937255699942,1134.2838177615863,Rice,92.41094756221042,4431.924129065171
Andhra Pradesh,Ongole,Clay Soil,Sugarcane,97.67338037571349,47.99066789571655,23.140100742507087,30.56110938469837,81.55166331302175,1209.4536925119428,Sugarcane,94.56465769926277,5041.912947417726
Andhra Pradesh,Ongole,Clay Soil,Maize,76.61629748619158,67.25591929116648,100.121822396515,24.99250168244491,71.05493994365412,945.0832512496813,Maize,98.95467165011678,3499.681581521855
Kerala,Palakkad,Alluvial Soil,Rice,90.66254418500415,43.973877531751945,37.434801226026195,26.284903515512106,80.7749778941514,1168.4511001099484,Rice,87.67873936766304,3277.16413946407
Andhra Pradesh,Guntur,Sandy Soil,Millet,39.19660550300525,41.25273835341277,69.77112783506219,29.46933628019027,55.247240341552214,607.4250904383501,Millet,89.12099288271719,1173.4724878681811
Kerala,Kozhikode,Clay Soil,Rice,74.34672535535364,31.897621190131602,42.864318286318365,25.29144927317087,75.24498333060167,1264.5668806226613,Rice,96.56412950660545,4001.9340681527165
Kerala,Palakkad,Alluvial Soil,Rice,93.15801161836752,30.246439189864542,48.89740676394263,23.41179245851204,73.60815897147894,1246.816365159419,Rice,96.43285137610359,4196.473470851426
Kerala,Kozhikode,Alluvial Soil,Maize,91.63029074001662,39.950736421073415,87.75999133857205,23.265076420811607,72.60357357535119,636.6560960403959,Maize,86.40453739173687,2600.6270439646587
Karnataka,Bengaluru,Red Soil,Cotton,80.97431569142,57.250298918697126,25.579469730679072,28.95927300574909,54.97379503635234,705.0712200826515,Cotton,94.41827615220014,2267.3171321534614
Tamil Nadu,Salem,Alluvial Soil,Rice,95.06031796386574,30.42693179237017,73.16299739308764,23.005231677494304,84.48881299342142,1301.3508899967992,Rice,94.49168785625602,4127.55060104063
Andhra Pradesh,Nellore,Alluvial Soil,Rice,105.7858584470141,33.73751262469926,39.01521246404033,24.027190401793266,76.48911685426457,1278.5807389091228,Rice,94.11332002235774,3785.1933624118765
Tamil Nadu,Salem,Red Soil,Millet,62.052842705270464,36.59516205404594,61.31571571913513,31.773450195178746,69.35713709641342,416.5528500320426,Millet,90.3097916379313,1338.333286938299
Andhra Pradesh,Guntur,Alluvial Soil,Rice,100.60097393549401,33.49805192956546,63.37039818275706,27.52902670257066,78.46435306228528,1297.8368185257007,Rice,98.82653484602339,3720.449480350437
Gujarat,Vadodara,Black Soil,Wheat,110.11355050895152,45.544220649476884,14.056723568466435,20.053973365946575,38.71156555585867,528.4689012632839,Wheat,88.61034918184417,2948.5703537438244
Maharashtra,Nashik,Black Soil,Cotton,65.8278182933657,67.66456746197791,41.95003986664431,33.726836607639086,54.678763411972376,1051.8920501061405,Cotton,85.6664219234613,1961.1861512727428
Karnataka,Tumkur,Clay Soil,Millet,68.44329617973614,45.238209769761475,55.67417140704516,24.186950957242377,57.07395548627149,780.6992383728218,Millet,90.20523678294028,1283.7031447243285
Tamil Nadu,Madurai,Sandy Soil,Rice,87.64400851824682,33.94581196652385,28.34872655616006,22.11429511625324,83.46635638331473,1178.0908534265034,Rice,98.51770842029764,3636.791973438905
Kerala,Thrissur,Red Soil,Sugarcane,105.40704067317358,57.94245873822648,18.92293109483124,32.35100866212627,85.11740320438359,1200.2273821326548,Sugarcane,98.29191318432628,5016.47276656366
Kerala,Palakkad,Alluvial Soil,Groundnut,38.730539546219326,49.16924883848081,72.20322011541117,24.7404459250565,63.83980150031633,575.880981550946,Groundnut,98.03612624507869,1758.7049404293316
Karnataka,Bengaluru,Alluvial Soil,Rice,77.24051001612666,35.69408403872784,57.41429956733931,23.583114242176986,77.22437680468023,1426.9933588355332,Rice,94.45369521339545,3176.9798099589825
Gujarat,Vadodara,Clay Soil,Sugarcane,85.97578010236302,58.78085986895396,35.70879589933851,27.214721476357767,67.56310260640052,1188.2402294760566,Sugarcane,88.7101588498483,5815.862032645482
Kerala,Kozhikode,Red Soil,Millet,40.661722429149215,31.001059499907914,51.35899822713148,32.23742819679828,59.40142527129868,439.3733268681068,Millet,94.53039072002359,1317.647773023495
Tamil Nadu,Salem,Clay Soil,Maize,87.41331856670553,48.59124467385579,74.46626527732448,25.088362370895144,62.7354138687805,611.5574227406204,Maize,88.61590114408148,2598.9315252891424
Gujarat,Ahmedabad,Sandy Soil,Cotton,73.99302739503337,63.49035986134291,66.7090798396204,28.193193168407998,65.6461402846607,797.8684347832277,Cotton,94.42428003748293,2288.659992870996
Karnataka,Mysuru,Sandy Soil,Sugarcane,103.1065045347056,67.4338938899051,51.32055601076946,26.881469730474805,70.48228204716266,1125.262693471504,Sugarcane,91.80252257109493,4975.179075406597
Karnataka,Mysuru,Alluvial Soil,Wheat,99.1882433812415,48.26646473531111,63.9345585327091,27.295650059140904,45.33398994587621,565.2253328218142,Wheat,89.58058596473246,2701.0318132524653
Karnataka,Tumkur,Alluvial Soil,Rice,116.17314208580889,33.7664609977722,36.89001894843542,26.02189736558298,77.5478141309738,1440.6100924828975,Rice,87.25767951188548,4122.419640359606
Andhra Pradesh,Nellore,Sandy Soil,Sugarcane,83.86621423743678,37.45992835490485,54.2293754166831,29.34581860460533,70.41862959176396,1133.206164526652,Sugarcane,97.02968019253416,4516.694463024212
Maharashtra,Pune,Red Soil,Sugarcane,105.07769653918422,69.29171588658232,54.85144423162856,29.399928310168278,88.79854220863692,1278.8985767575796,Sugarcane,89.0866826495858,5448.989188576627
Karnataka,Bengaluru,Red Soil,Millet,70.5115082473437,39.428119662779224,33.28941599517897,25.115319207316734,58.35616473606329,613.6510183303941,Millet,94.05184607840783,1056.4901318774594
Andhra Pradesh,Ongole,Red Soil,Sugarcane,77.75738401470318,46.82943388185568,26.067120057790866,29.356337817503253,81.12836476928666,1545.2965055434329,Sugarcane,85.21887776184596,5361.718864883271
Maharashtra,Pune,Sandy Soil,Sugarcane,92.34699107346057,57.08636894377315,41.044416743476475,31.987360538726705,76.50612956923224,1495.7084495880117,Sugarcane,94.38071396736935,5112.678531059906
Gujarat,Surat,Red Soil,Wheat,98.63615895519989,39.16456060105985,58.47490288537445,22.962572672938556,46.11504021270001,805.312078547887,Wheat,98.15418937429489,3521.6187068410704
Kerala,Kozhikode,Red Soil,Wheat,128.1921305161156,49.61880380107104,19.239670885403616,19.398166205981745,39.11395313930956,639.55415600582,Wheat,97.1118686714893,2912.7272079682757
Gujarat,Vadodara,Alluvial Soil,Sugarcane,83.99023033775765,63.59026778129588,58.998366978128445,28.083014986099066,71.30193370423255,869.4555407938216,Sugarcane,88.34301352602922,5886.336165670215
Andhra Pradesh,Nellore,Clay Soil,Sugarcane,95.75553213081956,67.47721896400532,28.891920139682263,31.106551946783004,76.0855742232994,1323.664915349861,Sugarcane,88.25331600646024,4507.919363252769
Kerala,Thrissur,Red Soil,Maize,95.89940863873474,52.81193226699035,89.9945880512386,29.781204622488424,69.55883148256584,758.5056333430998,Maize,97.05669085625827,2896.9808896531185
Gujarat,Ahmedabad,Black Soil,Cotton,74.68484785271775,61.35113653337713,31.90198077757931,30.298569407823006,69.34508773342075,600.0381314786955,Cotton,90.6313148442544,1735.5945220849928
Kerala,Kozhikode,Clay Soil,Sugarcane,91.49648403623269,44.829214392384365,44.929048561517675,29.697837513946673,76.70244318374849,1163.0346929362875,Sugarcane,93.9637381716973,4939.778835619134
Tamil Nadu,Madurai,Black Soil,Cotton,73.7671373999805,56.41617691403211,46.21588684165515,26.1232839156814,67.30981282425431,752.4435761824406,Cotton,86.76171058818367,1960.852593480405
Karnataka,Mysuru,Black Soil,Cotton,78.89188801303705,55.552770750947005,61.18938703620556,32.220070930779116,62.28558540069157,763.6279007861557,Cotton,92.69745327471969,2379.6864056740283
Tamil Nadu,Coimbatore,Sandy Soil,Maize,79.0125850220114,61.47231419181942,75.58674515881883,25.503521997381256,57.77522503817445,745.5801547340767,Maize,94.29528581093949,2804.5885376302635
Karnataka,Tumkur,Black Soil,Cotton,65.94937520137515,53.58791266720282,48.40967262460858,27.84019602128584,73.9288944855366,1006.6445297646806,Cotton,86.73754306319769,1812.9987925930448
Maharashtra,Nashik,Clay Soil,Sugarcane,83.37258139796377,43.041833615148306,30.726103098661767,28.34357729246465,85.89007531690565,1239.0959725921991,Sugarcane,96.70835983107015,4888.524438872144
Maharashtra,Nashik,Clay Soil,Wheat,115.32317090007567,43.74569962327714,28.311803850028724,24.609665345165176,38.58856823073586,721.061851682231,Wheat,91.54895164303623,3267.090909072022
Gujarat,Ahmedabad,Black Soil,Cotton,61.752779893415,59.39513287026345,73.14359890851084,29.91490716377917,62.69111469388707,682.9474567123839,Cotton,97.83133472350092,1721.2445229437685
Tamil Nadu,Coimbatore,Alluvial Soil,Groundnut,59.54569988052761,47.36341525586168,45.649502932872664,26.01521864369242,65.52747583774767,710.9562194372987,Groundnut,90.1041207764888,2194.0101291356405
Andhra Pradesh,Guntur,Clay Soil,Maize,88.81822682171688,45.70361577550866,82.87591703940413,21.118919628108507,70.18944386075032,783.0867080819195,Maize,87.01292032051391,3357.624198084045
Andhra Pradesh,Ongole,Alluvial Soil,Cotton,67.61306123807246,56.53915034297195,59.510020207038295,30.34455700821921,74.55513516644129,721.7691452117228,Cotton,98.24335947759107,1627.2298107335248
Andhra Pradesh,Ongole,Red Soil,Sugarcane,104.82817344852604,61.79205330563464,27.947383026800324,31.734803834814187,74.85667723621872,1532.9669828790168,Sugarcane,92.6176205911782,4545.633671502218
Andhra Pradesh,Nellore,Clay Soil,Millet,38.03633454954789,34.986520224306005,52.7287890393895,30.958009210844825,61.920566119506304,405.480343085385,Millet,98.01647807508542,1348.8433830852837
Gujarat,Vadodara,Red Soil,Millet,44.01241984222651,29.732852541209063,36.35880977605435,29.855149108645797,55.32980837108916,401.9866073231111,Millet,91.15811650625473,1104.3854815157783
Tamil Nadu,Salem,Clay Soil,Maize,96.35461962828603,57.93923581536234,64.3453793868477,27.178675267499266,72.28065035966515,683.2283883606876,Maize,86.29236803442507,3137.520674585021
Kerala,Thrissur,Alluvial Soil,Rice,75.08549783865358,33.682749955175524,51.37666975965884,25.62498330259812,74.77952168980659,1301.8027539056038,Rice,91.84514728814604,4470.2433348563745
Karnataka,Bengaluru,Black Soil,Cotton,76.41027169114949,54.88821023853032,22.196800766785575,34.97082104920772,76.1062906475212,901.9810693695431,Cotton,93.36517624317338,2318.3846976441955
Kerala,Kozhikode,Sandy Soil,Sugarcane,86.50207039610679,64.67427491157845,20.73647009566792,25.35726931921049,67.89939729534943,1060.5311001522564,Sugarcane,87.2787788874313,5126.140776263491
Maharashtra,Nashik,Red Soil,Millet,60.98595959460434,35.321546600729896,42.860305914018525,30.623028587295607,48.65521517086715,419.7854075059853,Millet,95.40922900770215,1283.3201120196204
Karnataka,Mysuru,Black Soil,Cotton,60.88044835139719,48.75075612825425,62.137550946016574,28.90877423507908,57.91984730630248,767.9932434381033,Cotton,92.32174389074731,1874.1639800760604
Maharashtra,Nagpur,Sandy Soil,Sugarcane,105.8117668699989,60.7816212152339,20.341911823003013,28.145447119934442,74.28940627685334,1037.6719616080165,Sugarcane,96.40850350056323,4807.126990519263
Maharashtra,Pune,Alluvial Soil,Maize,83.4361820811515,52.34728025569071,53.577452516746135,28.77965668516756,68.70310165718584,651.4478756269963,Maize,90.13824153425963,2744.1002731446993
Gujarat,Vadodara,Red Soil,Maize,94.55170945311819,49.352131496048315,82.54611008008503,28.188347568357642,67.42543900048493,898.1676581389308,Maize,97.10652195489216,2914.242204022155
Maharashtra,Nagpur,Clay Soil,Sugarcane,85.6164216687729,66.39767339940498,40.483795524362144,28.85482130523576,78.67167383356578,1085.245612941235,Sugarcane,88.23311510606757,5879.813061038185
Maharashtra,Pune,Alluvial Soil,Sugarcane,76.24679178441394,48.52576017696114,53.39576706242238,29.30635442150161,76.83208193076754,1268.603676893651,Sugarcane,86.58099001484184,5502.705589877287
Andhra Pradesh,Nellore,Red Soil,Millet,70.98713086034994,35.80813387446396,57.657660335051105,29.408615209568673,54.2877470739469,404.0497599266503,Millet,87.63797132362103,1073.9193864875517
Tamil Nadu,Coimbatore,Black Soil,Sugarcane,73.81841859626452,66.87843554402765,22.55508272507314,28.067872067922085,84.18350612040224,1190.1446302610605,Sugarcane,92.28703637198356,4982.779565488326
Andhra Pradesh,Guntur,Sandy Soil,Sugarcane,86.95198909878843,57.003870611314596,34.674828667887894,25.934770171021896,78.79857929806684,1451.2937455637402,Sugarcane,94.43881635516986,4953.704281091581
Maharashtra,Nagpur,Black Soil,Groundnut,43.90713187215752,55.030761388684944,87.81418185740624,23.494440780512328,82.62455598699685,597.6854419183353,Groundnut,91.33784695823836,1697.9645288646507
Tamil Nadu,Coimbatore,Red Soil,Sugarcane,82.15673461178345,61.099827553160125,38.47666446360209,31.055130460799617,84.29227958390342,1257.064019223847,Sugarcane,89.31827570781525,5441.840058436073
Kerala,Kozhikode,Black Soil,Cotton,71.99202665654947,52.22444490841144,30.590347139902978,29.636590540635893,58.05115736694898,825.3883924379644,Cotton,89.99578633031547,2086.096748291292
Karnataka,Bengaluru,Black Soil,Cotton,62.053972461400335,38.49040973421304,70.27020138426528,25.05242004365925,76.82383935061537,660.2442665116982,Cotton,86.04308513182461,1979.2108153873917
Karnataka,Tumkur,Clay Soil,Maize,116.84903587178442,48.459559329323326,93.7793884723809,20.879669151101652,68.02234225395372,666.8069875352703,Maize,95.31409268617718,2842.136773841267
Maharashtra,Nagpur,Clay Soil,Maize,87.98453759788089,42.22988651240555,105.55621539691424,27.167026050790014,64.75264899529896,675.6284655158585,Maize,97.69091264620104,2883.0935377055475
Andhra Pradesh,Guntur,Red Soil,Millet,54.8568325592773,32.18302996237496,56.8044628295463,26.90661028575761,62.67707171541816,332.71503195157186,Millet,97.75777630587893,1312.2346296824899
Andhra Pradesh,Guntur,Red Soil,Sugarcane,84.52373486101082,57.88650576901154,38.11211508459234,29.7791927653791,81.18157777306095,1197.9156836883926,Sugarcane,91.7501373662125,5158.478090515295
Kerala,Palakkad,Clay Soil,Rice,102.74248377804189,33.22863594787497,73.16438958433203,24.051052905471472,83.17129064326446,834.6029990605318,Rice,87.6778133820597,3198.0445578960544
Kerala,Kozhikode,Sandy Soil,Rice,91.15150039811427,35.20521399384045,79.8060928593892,20.43944892380325,78.50908723282726,934.9811193881751,Rice,87.7280657010998,4072.9649683870693
Kerala,Palakkad,Clay Soil,Maize,95.75509457368824,55.24183856320724,50.06965309864594,29.8199792400053,68.55878381501311,731.7778010003562,Maize,96.08147943826086,3164.1966934054294
Andhra Pradesh,Ongole,Clay Soil,Groundnut,36.110672863998616,38.14642654696805,57.67676143484118,25.530350793155954,67.2823566974104,842.5180294023639,Groundnut,92.70080816070345,1822.8523282864412
Kerala,Kozhikode,Red Soil,Maize,81.19092453535376,51.64780419359343,73.52623975846215,26.18218127736103,74.93049779933281,712.4610424078865,Maize,97.27258102547138,2692.874549128997
Maharashtra,Pune,Alluvial Soil,Rice,89.3078796652374,28.58756603888506,29.058855370327542,24.89009919846274,74.78971757672632,1211.777434785772,Rice,93.95298266888518,3019.4073329446283
Tamil Nadu,Madurai,Black Soil,Cotton,91.36626294583812,54.0103921280265,63.77780521308325,29.43513265111151,58.95251158381966,678.8573120461995,Cotton,89.16136792498433,1761.9279565830773
Maharashtra,Nagpur,Red Soil,Rice,102.5457705760686,44.92735337703786,74.35926257514424,24.84386081742256,73.43920070267353,1396.1265341172575,Rice,95.84814667769494,3666.4227088130024
Kerala,Palakkad,Clay Soil,Cotton,54.41486683058455,56.03679372028003,65.87513431366119,26.102670229024348,72.38976400822872,725.5381455149555,Cotton,93.11200935139111,1780.5417023866466
Andhra Pradesh,Guntur,Black Soil,Cotton,72.34307326338441,61.23475829621475,60.00248418622725,29.81970708675619,64.50830410613703,856.8474419201564,Cotton,89.58112298696835,2493.3806927781325
Gujarat,Ahmedabad,Black Soil,Cotton,73.18121977248823,56.13914922267274,69.90444151473065,26.360787627051774,63.140013893058466,849.2951174385944,Cotton,87.05925829427063,2265.9502489410606
Tamil Nadu,Erode,Sandy Soil,Maize,61.009567679824855,52.45070574949697,68.6503942685567,23.5323718059882,62.52630788765491,764.316774763915,Maize,89.12256741118519,3006.4416083843807
Andhra Pradesh,Nellore,Sandy Soil,Sugarcane,77.41565085336542,47.98221999185148,35.58281070374191,27.066663338211857,80.78937104102397,1222.0449255390956,Sugarcane,90.50879799273179,5295.194678168684
Tamil Nadu,Erode,Clay Soil,Cotton,60.763286760220055,58.44616752607673,74.32979342167064,28.511920362129196,64.83643520029325,834.4037108042794,Cotton,91.12113370385411,2268.133072630145
Karnataka,Tumkur,Sandy Soil,Groundnut,31.529665714000227,39.445700554000496,54.23243313111614,28.017761559256456,61.54233634456325,611.9904943110736,Groundnut,90.93957184857568,2023.9878960619658
Gujarat,Vadodara,Sandy Soil,Groundnut,57.79141847635263,41.574366878317406,77.1178650771734,26.13568755134418,69.87219384325856,486.4435277634792,Groundnut,90.46879761708293,2314.828470024304
Andhra Pradesh,Guntur,Sandy Soil,Maize,81.36618254786345,64.45645575901747,68.87189374426728,23.51051680212271,66.98100449629851,438.9227464114821,Maize,89.7510404507736,3237.2099552473774
Gujarat,Surat,Black Soil,Cotton,75.55334213737284,50.77597948664198,53.48415722882183,27.38417929990214,71.36445527248367,848.1178955167522,Cotton,92.6068456622281,1953.7750866187084
Kerala,Thrissur,Alluvial Soil,Cotton,91.37706721111718,58.054358405381805,58.6385324034695,31.655885359710624,48.707635875395894,741.3651881146588,Cotton,90.848459583211,1888.5301605511486
Andhra Pradesh,Guntur,Clay Soil,Rice,104.2053111441592,33.8543368317481,72.09421258317482,24.110819034953945,90.34385652180244,1128.3922241448495,Rice,85.91128558862633,3992.8502176514085
Kerala,Palakkad,Black Soil,Sugarcane,82.50329225957455,71.12453925820388,54.2342939104999,31.082065982384748,84.11204706863185,1348.5846670376998,Sugarcane,89.54548071999032,5176.009654664694
Tamil Nadu,Erode,Alluvial Soil,Rice,81.06350815427115,28.581956260129193,54.33284589202809,23.030738207972508,71.68976300258024,1361.5758162190878,Rice,97.00066122522838,3276.5029753963204
Andhra Pradesh,Ongole,Red Soil,Sugarcane,80.70007163928852,57.932034620106805,22.99667658901309,32.33151179124244,88.7307960981158,1178.1784521793568,Sugarcane,93.56917851077563,5819.441476100207
Kerala,Palakkad,Sandy Soil,Maize,109.54112027153924,38.81382882237695,53.59967374580293,24.231251674908172,69.2807404413986,762.2432194646454,Maize,97.618371464215,2568.897394964576
Tamil Nadu,Coimbatore,Red Soil,Millet,65.61393918321238,33.17556782831769,62.386459409343274,27.182509682307582,69.43390565696477,365.33596148248466,Millet,92.06218961839616,1578.2114825654096
Andhra Pradesh,Ongole,Black Soil,Rice,76.97340489241897,37.56145421573798,74.7878134516095,25.52911483441615,78.1786737050322,1093.5983594280642,Rice,85.1037140326241,3016.394138436765
Karnataka,Tumkur,Black Soil,Sugarcane,86.46820056636425,63.84073173465475,50.932898780203644,30.512280565642516,74.44885949719608,1281.4051029667567,Sugarcane,88.75745750073098,4616.882213555026
Gujarat,Surat,Alluvial Soil,Rice,83.01715148430611,41.263196400182,29.062493646611163,26.835802274164976,73.93831611796995,1313.790369479614,Rice,93.28661093381368,4222.754378576171
Andhra Pradesh,Nellore,Clay Soil,Maize,93.48498811109675,39.22093226659015,80.75689181051042,23.808492920964106,61.733987373308636,780.9298303080011,Maize,86.70645849523144,2800.3447988496437
Tamil Nadu,Salem,Clay Soil,Cotton,84.30231357112919,48.96405673643468,27.70212201826435,27.890192300876365,65.96016720887482,840.4469943175952,Cotton,91.41198518505615,2416.820615493478
Maharashtra,Nashik,Black Soil,Sugarcane,77.98428672833056,63.81325165497441,52.541049378836405,27.644532620431356,79.48216832490425,877.6239026388096,Sugarcane,87.39558076096317,5718.123091255933
Andhra Pradesh,Nellore,Sandy Soil,Rice,87.75321343027574,36.79445510566656,57.35013168474006,22.59398496479844,86.87120709887776,1256.7216173900965,Rice,92.23758317849169,3643.471387475581
Gujarat,Surat,Red Soil,Maize,64.53715229388746,45.60879338266241,76.57035956955289,29.602671770248165,67.43958056091329,820.8781069855634,Maize,96.39180900904304,3368.4769862350868
Kerala,Thrissur,Alluvial Soil,Rice,64.44913993625302,27.560790305271645,74.63526860308717,26.168233165425534,77.44125460469866,1243.511392272337,Rice,94.12634128664627,3115.9607391357204
Maharashtra,Nashik,Clay Soil,Rice,80.41114933506691,27.652531791213878,42.899580639794216,23.746320804797005,84.41659768026359,1032.3411125248442,Rice,94.67003074674113,3046.2524715208815
Andhra Pradesh,Guntur,Red Soil,Sugarcane,105.58366692570334,56.45494518604373,27.01463454795143,31.172685406912453,79.94923374352774,1464.4221942031527,Sugarcane,90.53923107786811,5014.378390100951
Karnataka,Bengaluru,Red Soil,Cotton,88.79096168848793,49.945210887165715,66.4003229242372,34.390510370721216,66.66946013129967,978.419052947306,Cotton,98.6760973409263,1651.8246666625569
Karnataka,Mysuru,Red Soil,Sugarcane,100.10902040287482,49.15615642569732,23.842790879250522,31.897404870614302,86.54252623033861,1169.7556934121449,Sugarcane,98.97217923624936,5197.530771870576
Tamil Nadu,Salem,Red Soil,Wheat,113.1376453339004,44.561043182607904,29.081059340025135,19.502463352060822,56.40977733684608,664.2582438296442,Wheat,89.26504855672931,3599.3297969735727
Karnataka,Tumkur,Sandy Soil,Cotton,91.01347609930633,56.15991457210759,74.70088725590084,29.32973260566503,65.41520693265804,952.972877406123,Cotton,89.89552715783087,1890.417309442996
Karnataka,Bengaluru,Sandy Soil,Maize,112.87948286790028,53.598463142392085,92.4976417367518,26.231734506270996,71.73091218514938,947.5363507645045,Maize,97.87041252307608,3387.4969951814583
Kerala,Kozhikode,Alluvial Soil,Maize,107.56061305307168,43.80284082299244,102.28543945651703,24.841033243239984,71.69913683310726,638.3162933835965,Maize,86.19928758776098,2994.733788613558
Kerala,Kozhikode,Clay Soil,Maize,77.50043880907936,55.79437919691411,60.068693399327955,26.084990916773293,62.865607309104064,797.1044880339213,Maize,90.61632738115732,3089.785697396473
Gujarat,Surat,Alluvial Soil,Rice,92.90027401919112,25.264373404081386,38.706884944834485,25.824315315740247,77.93434884291702,1296.2205799652875,Rice,93.32936340943756,3891.263941193782
Tamil Nadu,Coimbatore,Black Soil,Groundnut,35.24787369053877,49.317537270025895,70.66581593054784,22.41181006756286,67.96390500865937,530.7286254921071,Groundnut,94.9806836062983,2474.984661645128
Kerala,Palakkad,Red Soil,Sugarcane,92.83054316679922,56.2857290004181,43.051633504800435,27.429735916357785,76.95275043395564,1134.0662061359162,Sugarcane,90.0073643134557,5168.485861796644
Kerala,Thrissur,Red Soil,Cotton,51.80787435625064,69.36503293713224,51.3820911367489,31.19833811459778,66.29554470814206,858.9863276360388,Cotton,88.73757572489866,2035.2935615736299
Karnataka,Tumkur,Alluvial Soil,Wheat,113.21945084630936,47.810883279843495,53.93265705306787,22.182597403772,41.710951010573126,598.2554993014138,Wheat,94.29714408366412,3611.4594718302383
Karnataka,Bengaluru,Alluvial Soil,Groundnut,40.5056319985297,56.86564157086198,60.8670393920804,26.322389692278545,75.21552602876622,608.9639626418601,Groundnut,90.41761773273771,1783.9301625638782
Tamil Nadu,Salem,Clay Soil,Millet,54.99910450156278,38.92012785470881,35.730939284645046,27.35080544006189,57.118687427369835,744.1398149414481,Millet,92.58563712899925,1681.5530822823189
Tamil Nadu,Madurai,Clay Soil,Cotton,76.6008611270281,44.84736780247409,50.97574489282688,29.25501643325068,64.27945967643221,975.5039913968128,Cotton,97.84504476170629,1533.46540456849
Maharashtra,Pune,Clay Soil,Sugarcane,86.39016304503475,48.25879520512268,56.48142629369003,31.280415022672436,77.57038601657638,1221.5429671806721,Sugarcane,92.78360748458783,4949.49878013195
Gujarat,Vadodara,Alluvial Soil,Rice,93.44088142161857,29.086763091381428,40.23914934463586,26.274489475935283,80.60387265710477,1090.4946448059704,Rice,91.23815613037974,3856.648030827859
Gujarat,Surat,Red Soil,Groundnut,33.32300385212345,41.04612765038299,76.24334867422121,26.109739455929716,71.0088656433384,823.1696353931122,Groundnut,91.34081696964458,2307.780907916679
Kerala,Thrissur,Alluvial Soil,Rice,97.70941012387117,34.987023484392026,75.3376791514654,28.983246932861682,74.01439619355664,1160.028774070944,Rice,85.4568883144918,3479.3613254437237
Maharashtra,Nashik,Black Soil,Sugarcane,83.0541479210035,54.04086274789016,37.65968761339571,30.882875264910815,85.6183787410311,1255.361821987201,Sugarcane,95.82379751038015,5304.409931118267
Maharashtra,Nashik,Black Soil,Cotton,69.10813832758677,66.02380026446019,47.94548183387286,25.33196824368801,50.60267964525043,807.2030765678072,Cotton,89.50920122164946,2161.5315421405417
Tamil Nadu,Madurai,Alluvial Soil,Rice,98.96808619882546,19.562669137844495,64.59349411530424,24.058250462268234,84.05339287746025,1191.7945798279543,Rice,86.61675776996557,3530.592736998001
Andhra Pradesh,Nellore,Alluvial Soil,Millet,69.43278012231593,28.714870070151086,49.38467803956626,30.298615067604295,57.3799857371113,421.66330137921466,Millet,91.66763142068014,1089.1373528855054
Andhra Pradesh,Nellore,Sandy Soil,Groundnut,23.34537846132257,56.53378334771748,85.21668226464126,27.129322740739276,67.52346904763579,743.4396757649198,Groundnut,98.04784954030885,1605.6592407282797
Andhra Pradesh,Ongole,Sandy Soil,Sugarcane,85.32442298222378,53.656597189744254,35.06111975848052,28.746595020829773,78.70917745580303,1083.8977841825624,Sugarcane,98.39506603844993,5402.197993355321
Gujarat,Vadodara,Clay Soil,Wheat,103.81167017949838,27.278645469194245,54.72898404097302,15.890813281588194,41.08028296446479,472.9817665126518,Wheat,96.70903579019026,3301.4202713153504
Kerala,Thrissur,Clay Soil,Millet,48.77648272231136,25.35523108577555,76.3108865962099,29.00663918375342,50.35297757936253,496.4351561247977,Millet,98.71292697721678,1142.4781453806881
Tamil Nadu,Erode,Black Soil,Cotton,82.76123597458916,58.39770496363366,33.08720016027065,29.575965917406066,76.30108350833535,908.5199784812612,Cotton,96.81930302411702,2211.9533746418197
Tamil Nadu,Coimbatore,Clay Soil,Wheat,113.55084007012826,44.86184684908684,50.380667761190296,19.00565068871495,48.09927092613874,503.6735683104613,Wheat,89.0309614472071,3672.0431988861337
Kerala,Thrissur,Alluvial Soil,Sugarcane,92.80024552449247,45.8186132363976,41.985080347556696,29.98194400665465,88.01734975223494,1015.2137171416259,Sugarcane,98.38452370894738,5028.1125420998715
Tamil Nadu,Madurai,Alluvial Soil,Millet,58.833293038709606,35.50802544723112,24.20101768522321,27.96037872738322,60.43017007021046,594.4979825711334,Millet,89.81917529532681,1311.0327015899613
Karnataka,Bengaluru,Alluvial Soil,Rice,102.35719954390163,37.15089779821939,74.97826014597527,23.64518137911926,80.43591260384135,1240.9399096265315,Rice,89.17282189681998,4244.485817754672
Kerala,Palakkad,Clay Soil,Millet,59.08005680828278,27.471939075608493,45.70125186333195,25.387137709099505,54.34831343512465,647.2025106985968,Millet,93.48264030154019,1106.2456265592914
Gujarat,Vadodara,Clay Soil,Sugarcane,92.18973339654856,53.453026104783206,25.629088719272023,32.677828961752894,74.03588197041755,1153.213866990388,Sugarcane,94.52998133357897,5157.99169078554
Tamil Nadu,Madurai,Black Soil,Cotton,71.03695946962642,71.07859288062087,37.940653903153404,32.58417554885489,51.13310015954471,940.482518154271,Cotton,94.0503430349021,1890.3003939518383
Tamil Nadu,Erode,Sandy Soil,Maize,91.10440145305893,54.26641173272487,90.53599949697991,20.55429036400713,76.34074396001452,872.748397326924,Maize,97.417486058539,3110.8087347432156
Tamil Nadu,Erode,Red Soil,Cotton,56.327775559038116,54.65181755185516,33.82996950764841,28.374968545208667,68.50600516960158,728.218180047167,Cotton,96.01572473449052,2437.13101081355
Maharashtra,Nashik,Red Soil,Millet,62.600650743902676,34.05267097870905,55.98264141179759,26.27909603002235,60.27695278125504,321.2110178508347,Millet,92.54419827861571,1100.9656866035157
Maharashtra,Pune,Black Soil,Sugarcane,82.01025459518499,59.0688932507507,23.970374204149543,27.73953818272264,84.39293555353716,917.3544659176812,Sugarcane,98.30135808059984,5242.815087323471
Maharashtra,Nagpur,Sandy Soil,Rice,96.97339810966811,31.986397136874622,66.62928933260234,23.302864940379045,80.31551926343597,1209.7914391549896,Rice,96.8300316696201,3293.0196085641496
Karnataka,Tumkur,Sandy Soil,Groundnut,38.15855093799904,41.96103726714447,53.31528237495529,25.005667644455055,64.1659197819189,495.71306291420217,Groundnut,97.97403544193841,2274.0949577857423
Tamil Nadu,Salem,Black Soil,Cotton,86.93197857753188,39.8788067193198,39.87221590537462,30.72919775245569,57.56458790297721,894.6108191601429,Cotton,94.31649419643787,2315.384522197374
Andhra Pradesh,Ongole,Alluvial Soil,Rice,98.85773608122591,37.090921631865555,77.62363622896422,27.329313517481868,77.43461456039516,1006.0868142567563,Rice,86.74858763981202,4275.689570820642
Karnataka,Bengaluru,Sandy Soil,Millet,35.8650667596389,44.017776677918036,40.62330372727897,32.2272353760674,46.639863165988665,434.3719819863111,Millet,88.85198982902607,1283.5387835666095
Maharashtra,Pune,Black Soil,Cotton,76.8152151165224,49.912419011656915,27.50855812403076,27.35105165020915,51.11198058714861,761.6897825310866,Cotton,92.56969005174086,1682.4883560680535
Karnataka,Tumkur,Black Soil,Sugarcane,86.49318578847934,59.72128160513279,47.92460808398353,26.811368691007907,76.50686612728971,1446.8372981538873,Sugarcane,86.40113220314036,5650.36945684034
Tamil Nadu,Madurai,Black Soil,Cotton,89.98332653586279,62.746728851360544,46.21647095154566,33.153466519534334,58.64997306397915,862.8793514647707,Cotton,97.12983738364089,1539.0972511795947
Gujarat,Vadodara,Red Soil,Sugarcane,109.13444588802548,57.36810544116783,52.76319676105612,28.94194238149266,75.78249057687515,1615.9521050922788,Sugarcane,91.17170422468168,4858.358164345572
Karnataka,Mysuru,Alluvial Soil,Rice,82.88008990509924,34.44941563033758,68.35264893300428,24.04509402677867,89.20540145017505,1273.19130291274,Rice,88.11893342159577,3963.5873405921698
Andhra Pradesh,Ongole,Alluvial Soil,Millet,52.14453323080123,27.803155389078334,29.413228154473728,31.526412934802387,62.33239727972283,452.73127913557846,Millet,95.56278677845643,1069.9208845640767
Gujarat,Vadodara,Red Soil,Wheat,99.21558669362585,44.75952502317871,52.352114343966264,26.12803816657697,42.06349761158424,793.9266077287616,Wheat,96.09687521976335,3680.476151119956
Tamil Nadu,Coimbatore,Alluvial Soil,Groundnut,51.828525805228466,52.21942442245286,80.79740867014057,23.5924532879807,57.26367331493112,649.0998979751099,Groundnut,86.07573191102898,2031.957308470171
Maharashtra,Pune,Alluvial Soil,Rice,97.31271620292675,47.367348626958886,71.94751404655153,25.705221854165476,81.63734935412354,1004.1744620346665,Rice,90.9354052737944,4000.3279985288123
Kerala,Kozhikode,Clay Soil,Cotton,73.38741419219568,54.57929858156718,29.863193670276964,29.295925725365848,64.71627277269687,510.5074816060957,Cotton,93.70041938633216,2256.120047392755
Kerala,Thrissur,Alluvial Soil,Rice,93.82483081792863,32.328628958369855,47.0918521452146,23.81947949616702,75.58800327272947,1376.1923071709973,Rice,93.5482300049537,4127.368063332412
Tamil Nadu,Madurai,Clay Soil,Maize,97.34362484650745,54.7579887113461,90.07369080728525,25.05625861062086,73.97268142649799,668.9257971841873,Maize,85.89508205106024,3140.8143425172843
Gujarat,Surat,Clay Soil,Maize,77.55523057050556,57.66976442622647,92.33858323322406,23.289233186860592,63.8534064220829,818.6645016093655,Maize,93.41242071774121,2886.4744810613747
Andhra Pradesh,Ongole,Clay Soil,Wheat,101.34655917072499,47.31275649019979,43.84971658184688,23.879417866475556,56.786742526043334,638.8041381328155,Wheat,89.36701213667136,3840.1951847533737
Karnataka,Bengaluru,Red Soil,Millet,60.31658720658915,31.49247295667682,42.80380010277801,26.364787469267647,52.26807782028432,362.9986863701046,Millet,95.67070205611853,1347.00344353395
Kerala,Kozhikode,Sandy Soil,Wheat,85.30505254642493,45.43768232814319,57.9848640712325,18.00884746557454,43.7286577990807,521.0022653448174,Wheat,90.3929257657667,2784.7613833213636
